이름,코드,임대시세,0-9세주거,10-19세주거,20-29세주거,30-39세주거,40-49세주거,50-59세주거,60-69세주거,70-79세주거,80-89세주거,1인가구,2인가구,3인가구,4인가구,직장인구,생활인구,편의점수,슈퍼마켓수,여관수,외식업수,주유소수,피시방수,당구장수,노래방수,독서실수,지하철역수,월매출
청운효자동,11110515,149361,994,1390,1777,1977,2389,2030,1306,1062,450,1923,1122,1009,1009,7599.266,21915.76,11,36,3,271,0,2,3,2,0,0,74717455
사직동,11110530,148404,698,772,1161,1505,1667,1546,1107,783,392,2120,870,676,588,69281.48,27648.9,26,64,5,971,2,1,15,14,3,2,82239199
삼청동,11110540,230589,168,235,377,457,442,517,414,289,133,740,251,194,152,4231.349,32061.22,7,45,2,262,0,0,1,0,0,0,72501266
부암동,11110550,95828,580,1020,1628,1368,1735,1709,1209,845,373,1608,918,737,732,3252.692,30724.88,14,17,3,134,2,1,1,1,1,0,50518431
평창동,11110560,116378,1230,2008,2707,2372,3034,3345,2214,1417,657,2479,1640,1471,1444,2755.503,28632.34,14,20,3,163,4,2,3,3,2,0,21683974
무악동,11110570,144527,718,987,929,954,1592,1312,894,601,241,719,652,673,755,635.453,23620.1,3,7,2,32,0,2,0,2,0,1,2.82E+08
교남동,11110580,190521,970,846,1459,1935,1901,1562,1072,708,246,1582,1070,861,777,3999.809,19827.19,16,6,4,104,0,1,0,1,0,0,18078925
가회동,11110600,143547,235,398,533,639,837,758,555,448,166,935,429,321,273,21122.3,26870.88,8,31,5,224,1,0,5,4,0,0,62993164
종로1.2.3.4가동,11110615,256491,314,355,1106,1179,1219,1632,1370,867,323,4175,547,299,226,145953.3,22656.64,104,248,130,2520,4,8,52,60,10,3,65246898
종로5.6가동,11110630,250974,145,339,1081,680,777,1069,752,544,182,2074,476,313,224,18207.2,55638.82,25,94,29,546,0,3,14,10,0,2,60300882
이화동,11110640,195935,347,582,2092,1477,1161,1196,885,608,259,2639,765,534,403,17679.46,25775.02,18,27,0,405,0,0,5,4,3,0,1.35E+08
혜화동,11110650,170041,877,1812,6893,2546,2482,2312,1549,1268,533,5267,1433,1087,950,4812.525,21655.76,37,46,12,711,1,14,14,27,3,1,46167608
창신1동,11110670,188328,215,350,844,751,983,1408,947,553,165,1771,559,361,237,3016.877,31518.79,9,44,32,222,0,4,6,11,1,0,67553378
창신2동,11110680,85249,385,715,1623,1205,1622,2207,1347,782,277,1948,845,663,547,639.921,11135.72,3,25,5,129,0,2,3,7,0,0,86576723
창신3동,11110690,70411,467,627,1112,1100,1135,1361,880,533,214,842,665,639,502,464.8291,18344.5,2,9,0,30,0,0,0,0,1,1,54519959
숭인1동,11110700,209853,391,476,955,1046,1131,1236,838,508,202,1321,654,485,387,563.3993,32917.36,8,10,4,56,0,1,1,0,1,0,81415561
숭인2동,11110710,151064,352,482,1995,1620,1469,1822,1263,762,267,3632,896,554,443,2680.142,14023.74,26,45,41,239,0,4,7,18,2,1,65861194
소공동,11140520,159542,272,162,281,714,562,389,273,116,37,593,194,154,102,139413.4,24169.18,53,56,15,782,2,1,13,6,1,1,76910347
회현동,11140540,392834,264,220,594,723,860,1211,1108,598,239,2232,436,303,221,68590.79,14915.66,43,353,51,692,4,1,9,11,0,2,63988517
명동,11140550,253645,155,126,382,529,583,616,540,309,129,940,208,136,96,149331.4,14481.43,88,182,44,1488,0,1,26,11,4,2,74186210
필동,11140570,134650,230,334,1235,771,574,722,570,344,173,1386,382,243,179,19108.09,48809.21,29,40,12,514,2,4,8,19,2,1,75734321
장충동,11140580,89626,255,450,1636,800,757,673,537,383,145,1616,460,268,221,13527.61,22900.21,18,15,12,148,2,2,3,3,1,1,59902075
광희동,11140590,182225,198,303,1046,903,804,1146,899,491,185,1807,518,289,212,38740.98,16634.01,46,223,52,826,2,5,18,19,2,1,76746925
을지로동,11140605,191859,51,51,221,218,207,386,380,196,77,926,133,69,36,28544.49,29338.56,31,120,27,614,3,1,20,19,3,2,51832757
신당동,11140615,336315,364,467,1885,1546,1535,1839,1013,613,228,2632,798,509,356,14335.03,22231.58,38,130,18,334,3,1,10,21,1,1,60394851
다산동,11140625,108725,733,1072,2582,2511,2392,2450,1820,1223,394,2971,1609,1115,904,7766.974,20831.48,16,32,7,205,3,1,6,19,1,1,78461799
약수동,11140635,141717,1351,1145,2263,2832,2794,2963,2425,1539,699,2760,1995,1565,1120,2712.865,9146.151,15,15,3,131,0,5,3,9,2,2,62816550
청구동,11140645,125751,933,1088,2159,2410,2295,2510,1738,1191,527,2440,1513,1192,994,2856.042,27473.36,7,15,0,86,0,2,4,2,2,0,63489359
신당5동,11140650,140215,618,667,1354,1476,1643,1736,1158,740,249,2043,921,702,585,2354.825,48502.09,7,18,8,228,7,4,4,14,1,0,81474640
동화동,11140665,130071,850,935,1672,1583,1782,2038,1247,729,344,1175,878,888,923,2131.683,17339.99,13,14,4,105,0,3,7,7,0,0,40036474
황학동,11140670,145735,863,605,2265,2827,1992,2103,1463,834,294,3356,1325,893,633,3241.652,14602.1,14,38,23,258,0,1,5,11,0,0,87215483
중림동,11140680,158501,1073,856,1581,2521,2035,2015,1339,848,347,2421,1213,997,825,7447.454,22195.62,14,25,13,236,0,5,6,6,1,0,41288743
후암동,11170510,119917,1241,1569,2612,3161,3122,3004,2123,1308,554,3901,1680,1413,1138,3292.841,19287.02,18,39,5,202,2,2,2,4,0,0,57597457
용산2가동,11170520,114724,598,785,1931,2373,1884,1809,1481,905,383,2784,1206,789,566,2968.7,18080.72,17,30,1,194,0,1,1,3,0,1,33918425
남영동,11170530,88701,283,337,1147,1190,1355,1828,1348,656,253,4172,594,334,247,52698.48,18650.32,32,37,35,509,1,9,14,24,2,3,64131041
청파동,11170555,114279,881,1518,4243,3376,3242,3310,2277,1554,582,5896,1966,1271,1049,8556.984,23103.81,28,57,11,447,4,7,5,14,4,0,65837384
원효로1동,11170560,114736,1424,960,2370,3579,2573,2147,1471,839,317,3238,1526,1185,947,16340.55,19218.49,21,32,7,364,2,3,5,11,2,0,72469145
원효로2동,11170570,100766,1146,1534,1939,2313,2632,2369,1649,1027,474,1952,1300,1193,1161,4075.125,45385.25,16,24,3,120,6,1,4,5,2,0,57211911
효창동,11170580,129762,644,799,1406,1525,1482,1404,885,642,267,1327,835,653,653,1701.404,16749.61,10,21,0,64,0,0,2,0,2,0,55540082
용문동,11170590,120811,953,1046,1781,2217,2126,1984,1432,907,315,1846,1230,1047,915,1024.046,20226.69,7,21,0,130,0,1,2,6,1,1,30214018
한강로동,11170625,124010,1153,1027,2724,3760,2946,3057,2199,1309,594,5214,1753,1202,895,60560.63,29454.59,46,82,63,793,4,1,11,20,0,4,99934004
이촌1동,11170630,220350,3138,3183,2889,4135,5620,4261,2681,1856,1093,2189,2193,2579,2442,2771.054,44725.7,11,28,0,224,0,2,3,3,4,0,74653804
이촌2동,11170640,100762,659,603,1065,1607,1377,1485,1254,781,340,1251,1008,804,584,503.9333,14967.2,5,10,1,46,0,0,0,1,1,0,65880495
이태원1동,11170650,171669,420,437,1507,1703,1303,1318,1019,665,339,2249,712,449,309,5622.582,17349.73,25,57,12,628,0,0,4,4,2,1,1.08E+08
이태원2동,11170660,235874,647,661,1633,2171,1785,1554,1188,894,377,2571,1002,677,475,2582.882,17908.82,15,23,2,366,0,1,0,3,0,0,93592090
한남동,11170685,139726,1529,1431,3371,4990,4089,3567,2626,1629,594,5902,2269,1398,964,14937.64,17692.93,25,84,7,679,6,3,9,14,1,2,90797206
서빙고동,11170690,78182,1060,1710,1873,1762,2876,2293,1287,879,564,1710,1093,969,1161,5839.18,32987.91,8,20,1,59,2,0,1,0,0,1,72299563
보광동,11170700,92013,710,1022,2611,2761,2673,2735,1982,1231,505,3975,1672,1091,802,787.7408,14791.49,11,31,6,186,0,1,6,5,0,0,72200848
왕십리2동,11200520,135498,1339,1430,2810,3304,2959,2943,1928,1112,389,2911,1652,1464,1264,1304.75,48623.67,10,17,6,118,0,3,3,7,5,1,46417981
왕십리도선동,11200535,149284,2591,1796,4608,5114,4354,4462,2640,1537,602,4156,2432,2283,2093,8349.731,27754.07,35,43,40,430,2,4,7,15,1,0,49985042
마장동,11200540,132900,1454,1975,4721,3637,3516,3996,2759,1627,604,4382,2210,1791,1633,11178.68,15724.26,14,42,3,213,5,2,11,9,1,1,74588530
사근동,11200550,189639,525,948,5223,1854,1330,1285,914,740,241,4700,903,599,542,7313.527,20714.26,34,20,2,441,0,12,16,19,0,2,85067398
행당1동,11200560,158169,863,1118,2511,2224,2256,2419,1627,993,367,2718,1288,1100,939,6266.634,38235.84,18,34,1,307,0,2,8,9,5,1,48718586
행당2동,11200570,134326,2264,2474,3120,4092,4693,3817,2503,1603,566,2302,2201,2226,2152,897.5125,34665.69,8,9,0,75,0,0,0,3,3,1,51862070
응봉동,11200580,101570,1428,1903,1815,2455,3326,2345,1631,1157,443,1651,1372,1395,1400,471.4132,13175.57,4,15,0,42,0,0,1,1,0,1,6666667
금호1가동,11200590,149747,1364,1289,1918,2906,2657,2466,1781,1067,413,1989,1555,1350,1200,1007.935,15990.21,11,18,3,64,0,2,1,3,3,1,40382745
금호2.3가동,11200615,121886,1988,1788,3131,4692,4049,3707,2735,1746,612,3456,2477,2122,1688,1217.308,10359.69,13,34,11,227,0,2,5,7,1,0,70164679
금호4가동,11200620,145070,1538,1030,1711,2987,2755,2274,1633,1034,351,2162,1545,1406,1053,838.8656,51558.73,8,18,3,119,1,4,2,10,2,1,15038580
옥수동,11200645,179800,2839,1864,3350,5674,4548,4007,2844,1635,670,3099,2741,2533,1975,3329.858,22450.95,17,14,1,153,1,2,2,5,5,1,81480033
성수1가1동,11200650,94385,1223,1422,2714,3120,2914,3190,1792,920,350,3032,1615,1342,1298,6640.616,23978.49,21,33,3,168,2,3,3,11,2,0,74661891
성수1가2동,11200660,120022,1076,1139,2639,3028,2579,2592,1714,948,319,3213,1507,1215,1045,15668.36,17009.87,29,37,5,399,6,1,10,16,1,2,51548788
성수2가1동,11200670,98796,1059,1236,2683,2939,2928,3655,2387,1216,414,4029,1739,1344,1148,44919.11,15210.21,26,36,11,380,1,7,10,19,2,0,68713476
성수2가3동,11200690,110844,726,683,2077,2236,1710,2049,1445,785,280,2787,1079,821,722,48668.09,10466.22,53,59,9,484,6,6,18,28,1,1,67476364
송정동,11200720,95767,694,761,1825,1952,1870,2294,1437,731,264,2601,1115,834,693,2448.223,44853.87,6,22,7,75,1,1,2,4,0,0,67001447
용답동,11200790,105001,729,1076,2684,2473,2750,3184,1982,1227,413,4383,1527,1017,898,27241.96,48046.46,18,57,11,235,9,6,6,17,2,3,50984445
화양동,11215710,147351,597,1041,10291,4612,2417,2315,1712,1032,350,11579,1904,838,646,6410.88,14332.09,63,43,37,959,1,20,30,111,2,1,1.01E+08
군자동,11215730,107359,1205,1338,5278,3987,2988,3179,2151,1327,417,5484,1975,1400,1146,6822.36,37054.01,28,32,14,353,3,7,11,24,2,0,42107278
중곡1동,11215740,92260,969,953,2644,3276,2452,2750,1900,1128,290,3524,1795,1258,908,4208.976,73846.54,15,36,7,253,8,8,7,23,1,0,79262380
중곡2동,11215750,87060,1495,1687,3855,4162,3401,3904,2493,1349,403,4215,2234,1828,1521,3930.107,16265.09,26,43,8,262,1,4,3,25,4,0,35192447
중곡3동,11215760,91166,990,1260,2787,3090,2755,3279,2105,1210,359,3709,1904,1397,1050,2489.581,28169.69,20,23,6,251,4,10,3,20,2,1,48675931
중곡4동,11215770,89814,1960,2575,4737,4928,5009,5665,3803,2070,620,4682,2931,2622,2231,2522.681,31514.09,25,36,3,242,2,5,9,20,5,0,39592054
능동,11215780,123130,729,634,2343,2883,1649,1497,1146,704,227,3294,1257,777,559,3278.483,32225.39,20,21,1,153,5,3,7,21,0,3,41527628
광장동,11215810,108525,3632,5866,4276,4302,8177,5239,2644,1468,709,2105,1783,2958,4136,6875.695,20496.05,28,34,2,257,2,2,5,9,12,1,67761771
자양1동,11215820,99587,1325,1812,4397,4438,3928,4103,2633,1433,473,5344,2401,1681,1466,9047.837,22874.55,27,32,5,317,4,8,11,21,4,0,72560926
자양2동,11215830,101332,2086,2302,4052,4743,4495,4621,3193,1575,511,3818,2452,2300,2058,5406.941,32529.26,21,36,1,240,2,8,7,20,4,1,52464265
자양3동,11215840,121776,2771,3017,4232,4831,5094,4869,3133,1501,722,2730,2315,2509,2720,3156.051,24211.33,28,30,4,295,1,5,4,10,5,1,1.14E+08
자양4동,11215847,103327,1160,1219,4094,3854,3757,5236,3177,1599,531,5228,2065,1432,1107,2923.687,12739.48,33,37,15,435,1,12,14,48,4,0,76593672
구의1동,11215850,110851,1193,1555,4630,4647,3629,3639,2250,1387,458,5853,2352,1663,1245,4627.053,11830.74,28,35,6,436,1,8,15,63,1,0,56779022
구의2동,11215860,98962,1890,2408,3550,4105,4311,4272,3108,1652,568,3752,2333,2102,1870,3356.907,31771.64,16,38,11,246,4,7,3,13,5,0,58195247
구의3동,11215870,126248,2196,2875,4920,5104,5050,5020,3065,1588,625,3923,2454,2510,2540,9576.546,45329.39,31,68,8,421,2,8,10,19,10,1,73109885
용신동,11230536,120833,1667,1755,5576,5427,4757,5363,3805,2595,951,9148,2990,1962,1604,28668.4,52969.27,61,110,38,698,7,6,18,25,3,2,62042207
제기동,11230545,124386,1342,1764,5650,3855,3627,4183,3681,2480,946,6522,2510,1740,1412,6055.097,31044.94,27,138,29,478,1,4,6,6,2,1,68994146
전농1동,11230560,127935,1935,2246,4458,4314,4506,5041,3785,2492,842,6623,2736,2209,1850,2877.728,24589.77,30,44,26,412,4,11,14,17,9,0,57522388
전농2동,11230570,133717,1518,2022,2688,2672,3462,3330,2416,1551,613,2028,1767,1736,1540,2894.443,35118.23,15,28,1,149,1,3,6,9,3,0,74310994
답십리1동,11230600,122658,2452,1996,3726,4852,4310,4037,2691,1654,596,4238,2189,2113,1879,4930.61,36781.96,32,40,19,238,1,2,11,18,3,0,58958345
답십리2동,11230610,94022,1981,2430,3916,4125,4788,5109,3756,2326,839,3963,2787,2383,2169,3851.855,24568.69,16,35,4,183,4,5,4,17,5,0,60871899
장안1동,11230650,105897,2913,2956,5368,6951,6592,6327,4862,2540,757,6830,3604,3097,2655,12915.82,28596.81,54,70,21,631,9,17,24,40,0,0,66197618
장안2동,11230660,95242,2844,2920,3643,4995,5688,4735,3703,1966,595,4148,2601,2627,2425,6689.339,15502.47,34,78,31,575,1,8,25,35,13,0,67883641
청량리동,11230705,123481,1105,1454,2866,2914,3220,4216,3557,2419,913,4789,2298,1634,1306,5756.013,26835.05,17,78,18,353,5,6,12,19,2,1,56329957
회기동,11230710,172855,592,1040,4628,1765,1429,1240,930,719,266,3680,860,609,538,3759.537,36156.92,25,29,7,473,1,9,12,28,3,0,61175789
휘경1동,11230720,128554,608,945,3908,2115,1937,2062,1553,1029,386,3793,1225,861,718,2104.718,11474.37,17,28,16,213,1,5,2,14,3,1,64325948
휘경2동,11230730,116193,1626,2404,5138,3433,3864,3617,2780,1622,558,4893,2018,1845,1774,3498.884,35852.26,16,24,0,137,7,2,5,3,2,0,87485639
이문1동,11230740,124405,1318,2263,8442,4086,4132,4221,3101,2212,823,7985,2541,1805,1480,5685.433,18051.33,36,47,5,455,1,13,7,16,8,1,92601967
이문2동,11230750,68702,1592,2133,3183,3061,3698,3612,2654,1681,570,2755,1927,1709,1732,985.8893,18422.01,14,28,6,104,1,1,3,6,3,1,55881939
면목2동,11260520,88047,1706,2035,3656,4069,4325,5043,3281,1860,609,5221,2672,2071,1692,2624.875,95697.08,21,41,10,272,4,2,9,26,2,0,39050107
면목4동,11260540,74020,1361,1551,3069,3266,3404,3492,2737,1670,401,3945,2115,1687,1348,2398.398,46432.6,13,38,2,150,1,1,5,10,0,1,57410857
면목5동,11260550,72812,641,768,1403,1597,1636,1920,1288,745,230,1896,1093,814,648,1143.29,13877.21,6,20,5,96,6,4,6,6,2,0,29137686
면목본동,11260565,88627,2029,2504,5688,6102,5837,6675,4493,2512,765,7971,3857,2853,2133,2918.551,12283.92,29,66,7,418,0,9,10,35,1,1,73360264
면목7동,11260570,87874,1294,1488,3252,3429,3405,4154,3089,1697,581,4147,2284,1791,1444,1077.806,28566.42,17,32,4,232,1,4,7,23,4,0,75762724
면목3.8동,11260575,87998,1435,1926,4101,4073,4280,5052,3665,2131,678,5408,2830,2190,1665,3643.236,12451.6,20,40,11,423,1,13,18,57,3,1,59249315
상봉1동,11260580,92636,2053,2372,3871,3890,4019,4591,2846,1519,552,2942,2256,2206,2157,2906.259,23522.91,15,44,0,149,2,4,4,9,1,0,37499442
상봉2동,11260590,103275,919,1021,3278,3806,2792,3201,2240,1249,376,5361,2020,1327,963,7809.272,20390.28,35,37,47,513,2,15,21,71,1,2,79346012
중화1동,11260600,62236,1548,1522,3202,3520,2945,3726,2668,1365,454,2970,2071,1762,1505,1946.489,30935.2,18,32,0,106,0,0,0,5,2,1,21751974
중화2동,11260610,89193,1317,1731,4075,4339,4358,5839,3982,2273,700,7059,3109,2127,1501,4471.419,20404.02,15,53,10,404,5,5,14,46,2,1,95204660
묵1동,11260620,105330,2857,3361,5011,5805,6106,5708,4177,2360,790,4468,3127,3075,2866,3150.981,28155.26,23,50,3,271,0,4,7,18,5,1,50932611
묵2동,11260630,110387,1358,1444,3051,3454,3188,3421,2641,1423,411,3658,2096,1708,1276,1910.103,25482.61,13,35,3,240,3,0,12,29,2,0,41653836
망우본동,11260655,87497,1874,2289,4558,4666,4777,6151,4493,2343,798,6336,3116,2558,2027,5382.066,12018.26,31,60,30,509,7,8,14,48,2,2,67943131
망우3동,11260660,67218,1056,1499,2611,2615,2856,3503,2458,1358,470,3544,1967,1494,1137,1736.801,47389.14,11,28,0,143,2,2,3,6,2,0,37268307
신내1동,11260680,92915,4237,3930,5404,5841,6406,6903,4673,2635,1013,3147,3143,3143,3647,7100.374,23542.69,20,35,3,284,3,8,9,18,6,0,43758370
신내2동,11260690,121844,1699,2142,2807,3463,3684,3788,2867,1491,632,2546,2181,2016,1776,4535.157,17750.32,9,15,0,141,0,1,3,2,2,1,73737065
성북동,11290525,139088,1007,1486,2872,2766,2988,2817,1890,1377,643,3572,1700,1218,1044,2857.766,20452.64,18,21,0,188,0,2,1,2,2,0,33522341
삼선동,11290555,110147,1565,2398,4881,4049,4537,4008,2819,1939,725,5939,2425,1900,1765,6704.199,46917.54,36,66,10,576,1,5,16,20,10,2,53740643
동선동,11290575,157886,748,1152,4603,2882,2286,1916,1429,1056,391,5441,1431,973,743,6221.796,14631.15,41,46,23,654,0,6,15,36,8,0,56742466
돈암1동,11290580,129046,1039,1657,2293,2268,2709,2802,2060,1193,466,1751,1484,1411,1320,1005.476,36153.6,7,10,0,40,1,1,1,2,4,0,26051017
돈암2동,11290590,105655,2447,3015,3008,3389,4905,3950,2386,1399,607,1502,1719,2149,2363,821.1067,22303.95,4,5,0,9,0,0,1,0,0,0,43410743
안암동,11290600,131905,608,1240,5854,2487,2081,2179,1419,1010,386,5404,1372,913,778,9863.283,14669.47,49,32,1,475,2,20,18,21,0,1,60155861
보문동,11290610,96817,1157,1158,3030,3066,2855,2699,1780,1068,421,3647,1595,1309,1148,3648.516,15839.46,19,30,5,198,6,3,3,7,1,1,45184213
정릉1동,11290620,107330,1494,1906,2586,2736,3378,2748,1993,1338,482,1999,1486,1581,1464,1065.841,16855.98,11,25,2,127,2,1,3,5,6,1,1.35E+08
정릉2동,11290630,115222,1807,2202,3196,3427,4016,3913,3084,1871,683,2893,2211,2057,1857,1542.255,23307.79,15,25,3,152,4,4,5,9,0,0,51955946
정릉3동,11290640,101198,865,1325,3834,2234,2301,2493,2123,1514,565,3663,1464,1169,923,3340.153,80947.33,13,24,0,170,0,3,8,3,2,0,89724124
정릉4동,11290650,91713,2104,2566,3435,3952,4794,4203,3334,2116,709,3546,2487,2381,2002,2392.454,28506.3,15,40,4,172,1,5,10,7,5,1,73582733
길음1동,11290660,111214,4786,4860,3487,5810,8374,4567,3124,2023,699,2555,2380,3193,3842,2160.383,16544.03,6,27,5,197,0,2,5,9,3,1,1.89E+08
길음2동,11290685,86189,907,1085,1586,1641,2065,1953,1496,856,311,1905,973,888,924,1544.246,17309.54,7,17,2,125,3,2,3,3,3,0,70482544
종암동,11290705,83610,3322,4201,7129,6122,7094,6384,4293,2868,1174,6038,3421,3295,3175,3805.612,27742.34,28,38,13,328,9,10,12,21,4,1,62165481
월곡1동,11290715,111180,2560,2857,3140,4020,5126,4257,3262,2054,661,3077,2343,2246,2348,3135.592,12350.94,16,45,12,251,2,3,4,12,2,0,45799094
월곡2동,11290725,101334,1479,1710,3520,3121,3228,3173,2483,1506,586,3606,1761,1550,1415,5509.612,40062.75,25,33,4,334,3,8,8,22,1,2,56801081
장위1동,11290760,59940,1155,1886,3057,2695,3451,3962,2797,1633,521,3186,2101,1688,1480,923.448,32060.79,11,33,3,151,5,4,2,9,0,0,70864825
장위2동,11290770,75714,832,1373,2286,2060,2674,3182,2463,1644,541,2771,1746,1385,1056,2018.179,13819.74,11,44,6,230,2,2,4,11,0,1,52152471
장위3동,11290780,93534,894,1126,1478,1550,2043,2112,1518,920,300,1722,1038,912,909,1594.758,35705.31,5,29,3,105,5,1,3,1,1,0,76146306
석관동,11290810,79588,2109,2473,5094,4881,5280,5913,4578,2873,885,5702,3286,2766,2223,4922.451,18615.4,24,51,12,394,2,4,11,19,2,0,65595667
삼양동,11305534,83920,1783,2504,3627,3884,4494,5073,3726,2351,750,4783,2851,2324,1842,1417.946,18263.92,14,52,8,172,4,10,7,14,3,3,33872968
미아동,11305535,100387,1073,1648,3824,3366,3517,4033,3086,1924,640,5285,2401,1710,1301,2997.623,27489.66,32,41,31,381,2,6,13,28,2,1,48664661
송중동,11305545,124516,1616,2260,4349,4308,4771,5133,4109,2604,787,5377,2821,2290,1916,3278.347,23713.05,25,56,28,504,2,6,11,44,3,1,67839638
송천동,11305555,88510,1498,2106,4013,4006,4529,5573,4235,2708,898,6049,3052,2253,1815,3345.79,28528.94,27,53,22,431,3,2,11,21,1,0,46934575
삼각산동,11305575,120304,3669,4353,3438,4703,7105,4802,3047,1859,662,2524,2387,2753,3319,1316.555,15745.94,8,19,1,132,0,3,3,6,3,0,83953971
번1동,11305590,95096,918,1308,3386,3119,3268,3270,2422,1666,508,5141,2109,1451,1048,4668.442,19219.61,33,36,42,381,6,4,6,37,1,0,70418436
번2동,11305600,74150,940,1394,2320,2265,2822,3023,2510,1862,524,2483,2051,1532,1096,2023.495,42653.47,7,16,1,71,1,2,3,4,1,0,49983180
번3동,11305606,78193,1183,1697,2225,2251,3140,2953,2690,2343,572,2069,2088,1658,1312,1503.667,25383.61,8,23,0,91,3,6,3,3,5,0,81271045
수유1동,11305610,88510,1256,1642,3329,3150,3418,3893,2963,1901,649,4452,2246,1760,1307,2893.086,18103.27,19,44,38,258,3,4,8,14,2,1,64579913
수유2동,11305620,73407,1321,1743,3124,2985,3548,3938,3050,2052,779,3204,2389,1892,1525,2012.38,21506.54,18,31,3,239,1,9,8,20,2,1,50180127
수유3동,11305630,101505,1103,1361,4239,3889,3638,4164,3081,2013,675,6199,2549,1845,1249,4894.44,9897.33,33,64,41,714,4,14,26,122,1,1,74710866
우이동,11305645,68861,1390,1681,2855,2879,3408,3691,3060,2111,711,3407,2276,1856,1392,2360.134,26453.4,15,48,12,363,0,1,6,20,1,3,84864169
인수동,11305660,63163,2032,2539,4453,4511,5022,5685,4597,2996,1075,5247,3459,2738,2091,3897.557,21506.47,28,49,11,240,3,2,5,11,4,0,37846162
창1동,11320511,107254,1981,2571,3605,3977,4706,4392,3106,1894,728,3368,2470,2347,2156,1458.283,24570.26,15,31,0,170,2,3,7,13,5,1,82524399
창2동,11320512,80417,2340,2732,4562,4834,5144,5394,3631,2137,728,3514,2955,2741,2369,3721.867,18919.96,19,32,0,179,4,9,5,11,2,0,63040542
창3동,11320513,74091,1017,1277,1991,2038,2492,2682,1984,1291,432,2439,1622,1259,1005,1003.293,22075.53,11,19,0,171,1,1,3,15,0,0,31772557
창4동,11320514,218012,2154,3152,3929,3757,5043,5022,3013,1640,811,2615,2206,2349,2642,3175.472,22285.52,17,25,6,218,2,8,7,18,4,0,59789489
창5동,11320515,139074,1915,2341,3764,3912,4037,4636,3254,1698,683,2454,2234,2362,2182,5305.694,24064.9,18,28,2,265,3,5,13,19,9,1,89857658
도봉1동,11320521,69514,1167,1493,2945,2917,3325,4175,3641,2531,811,3917,2679,1830,1354,3342.228,17707.43,23,42,9,394,7,3,8,30,2,0,61962294
도봉2동,11320522,88623,1971,2076,3566,4117,4180,4898,4601,2632,969,3793,3021,2525,2029,3540.311,23122.22,13,34,4,242,2,3,3,12,5,2,31337536
쌍문1동,11320660,88584,1367,2075,3176,2799,3632,3809,2916,1946,606,2929,2191,1895,1547,2537.922,25619.88,18,35,0,152,6,2,5,3,1,0,58834495
쌍문2동,11320670,94776,1251,1754,2830,3003,3181,3492,2651,1590,641,2853,2121,1792,1366,3018.443,30361.17,14,26,5,223,6,8,7,21,2,0,57167541
쌍문3동,11320680,108029,1025,1211,2587,2648,2697,2896,2258,1562,471,2895,1798,1426,1142,2135.216,40101.15,16,32,2,161,1,4,3,7,1,0,45824107
쌍문4동,11320681,144198,1395,2286,2892,2535,3360,3660,2401,1107,506,1502,1476,1733,1944,1148.471,24023.56,10,14,0,59,0,3,0,1,9,0,75750321
방학1동,11320690,88058,1886,2628,4329,3876,4833,5626,4203,2368,757,4353,2899,2452,2167,3465.283,38789.21,24,43,3,529,13,13,30,53,1,1,98309480
방학2동,11320700,101506,1222,1883,2999,2743,3508,4029,3020,1827,632,3548,2317,1843,1411,876.973,6700.848,12,40,2,179,2,1,5,13,2,0,88851541
방학3동,11320710,58673,2288,3215,3991,3603,4883,5334,3662,1687,870,1717,2211,2621,2735,2624.677,45965.42,9,23,0,116,0,0,7,5,2,0,73209271
월계1동,11350560,103361,1611,1960,4195,3396,3737,3758,3003,1780,609,4264,2126,1766,1742,2660.817,29286.16,36,30,6,368,2,14,20,42,3,2,48718168
월계2동,11350570,88942,1888,2446,3236,3510,4439,4527,3814,2177,843,3636,2895,2217,1922,2143.544,33555.62,18,27,0,102,0,0,1,3,1,0,37449910
월계3동,11350580,128814,2938,2556,3938,5536,5187,5029,4284,2424,903,3466,3409,2963,2470,1683.986,15896.75,9,20,0,82,1,1,0,0,0,1,52182379
공릉1동,11350595,105489,2570,3296,7149,6357,5956,6250,4870,2452,872,7702,3666,3040,2732,10667.73,35357.39,48,59,7,552,9,8,18,30,4,2,46035129
공릉2동,11350600,97328,3504,5080,6757,5874,7283,6249,3976,2017,809,5087,2972,3223,3781,6121.341,45211.7,41,37,1,394,3,12,19,30,6,1,66374872
하계1동,11350611,87420,1394,4338,5658,3040,5001,5155,3044,1687,790,4620,2292,2228,2551,8096.626,18205.85,21,27,0,209,2,3,2,4,7,0,56591822
하계2동,11350612,128814,1733,3340,3384,2823,4582,4112,2138,1281,609,1545,1722,2048,2391,647.1061,46955.47,4,12,0,45,0,2,0,0,3,1,28263165
중계본동,11350619,152734,1724,4955,3780,2094,5850,4802,2097,1119,545,2127,1367,1947,2916,2342.972,37286.08,14,26,0,210,1,4,7,8,12,0,68108330
중계1동,11350621,210576,2034,6172,3354,2099,7210,4427,1722,1001,461,1391,1275,2253,3454,1562.622,15327.16,14,23,0,159,0,4,1,4,13,0,63248320
중계4동,11350624,143662,1402,2699,2764,2391,4017,3614,2573,1686,630,2338,1931,1702,1940,2399.048,24630.01,11,27,0,256,0,5,10,25,7,0,54384989
중계2.3동,11350625,208505,2698,3971,4687,5068,6829,5873,4557,3133,1316,4599,3880,3267,2977,2800.978,28808.52,9,42,0,173,1,1,2,2,1,1,1.21E+08
상계1동,11350630,117448,2860,3924,5924,5573,6580,7361,5104,2737,1076,4242,3499,3366,3431,6777.946,16902.53,27,44,2,410,3,9,17,36,6,1,54091082
상계2동,11350640,151481,1199,2229,3630,2614,3554,4076,2559,1339,520,3003,1675,1643,1891,4511.057,19063.3,25,58,0,686,3,11,25,66,11,1,1.30E+08
상계3.4동,11350665,82843,1488,2392,3285,3073,4331,4921,3923,2698,927,4541,2793,2074,1817,3413.984,43664.92,15,56,3,245,0,5,12,22,4,1,43406546
상계5동,11350670,94242,1430,2580,3762,3160,4351,4810,3369,2210,812,3812,2622,2202,1937,2086.638,13268.64,12,34,5,234,0,10,9,16,6,1,45182682
상계6.7동,11350695,158613,3139,3721,4881,5548,6448,5637,3504,1823,872,4021,3133,3136,3055,6852.535,24158.05,28,35,14,311,3,4,11,24,9,0,73827405
상계8동,11350700,185570,3049,2606,2653,5523,4321,2948,2050,1084,498,2107,2176,2365,2191,1147.821,32736.36,6,11,0,62,0,2,0,4,2,1,88389112
상계9동,11350710,156429,1800,2593,2860,3248,4090,3604,2540,1269,558,1965,2050,2040,2016,1269.257,15712.31,7,18,0,70,0,1,1,3,6,0,63105192
상계10동,11350720,128814,1235,1715,2501,2798,2956,2842,1892,813,410,1679,1622,1634,1420,1000.695,28690.11,5,12,0,30,1,2,1,5,2,0,32735135
녹번동,11380510,96273,2226,2447,4406,5223,5388,5453,4144,2746,954,5957,3332,2656,2140,6651.87,21976.62,26,52,8,313,5,8,9,18,1,2,54243217
불광1동,11380520,117929,3103,3185,5683,6363,6831,6995,4989,3393,1277,6079,4123,3680,2885,2793.943,27772.71,13,24,5,228,0,4,4,17,4,1,46448386
불광2동,11380530,104358,1558,2316,4376,4435,4726,5196,3965,2583,855,5506,3267,2424,1824,2812.485,20252.75,25,58,13,343,5,8,8,9,1,1,65003032
갈현1동,11380551,95771,1336,2115,3956,3631,4015,4347,3208,1989,624,4263,2622,2082,1607,2379.507,27107,21,38,9,414,3,10,15,41,4,0,55514444
갈현2동,11380552,109404,2010,3163,4467,4643,5241,4993,3410,2130,740,3971,2893,2677,2227,3136.811,31173.73,34,54,1,379,2,10,14,32,5,0,41367419
구산동,11380560,83293,2272,3186,4554,4621,5643,5701,4286,2587,915,3606,2990,2764,2512,4423.94,53905.27,24,41,1,146,0,0,1,4,5,1,59621074
대조동,11380570,102072,1901,2443,5275,5471,5249,5185,3906,2635,853,7258,3435,2477,1935,3504.551,30072.72,33,66,46,548,0,8,14,33,3,1,74305258
응암1동,11380580,115080,1883,2773,3404,4177,4641,3820,2873,1879,678,4411,2425,1993,1784,4138.783,8875.764,27,35,7,280,1,5,9,16,10,0,68752411
응암2동,11380590,85725,2362,1981,2319,3728,4063,2998,2166,1383,468,2432,1866,1871,1698,1376.771,12904.13,4,9,0,70,0,0,3,6,0,0,10179624
응암3동,11380600,93465,1311,2042,3672,3707,4172,4564,3514,2535,930,5511,2799,2060,1549,2043.734,18842.92,28,53,12,468,5,10,20,42,6,0,91070231
역촌동,11380625,92550,3665,4413,6910,8140,8593,8009,5749,3617,1193,7012,4730,4278,3613,4208.903,18459.05,41,56,4,456,0,16,16,27,10,0,59876717
신사1동,11380631,93935,1883,2384,3967,4431,4591,4575,3391,2127,670,3432,2662,2432,2085,2100.26,7100.948,20,28,2,195,4,9,8,19,3,1,76134577
신사2동,11380632,75108,1453,2065,3027,3272,3622,3756,2845,1567,572,2937,2108,1835,1651,1718.893,24372.54,12,22,0,96,3,0,2,1,2,1,48263820
증산동,11380640,63743,1041,1389,2204,2275,2659,2857,2259,1400,468,2381,1646,1294,1203,2031.261,17718.08,16,23,0,192,5,3,10,10,0,1,62634102
수색동,11380650,73809,647,924,1656,1705,1815,2252,1830,1059,407,1895,1260,973,851,1551.966,20230.13,1,18,9,114,4,1,0,5,0,1,45243343
진관동,11380690,131409,5769,7211,6564,7475,11336,7821,5454,3155,1206,5079,3786,4051,5094,4423.773,18993.06,32,45,2,357,3,4,4,4,6,1,38880534
천연동,11410520,99609,1585,1733,2412,2822,3325,3075,2059,1512,651,3331,1680,1548,1399,1759.56,40322.9,10,22,3,191,0,2,6,7,3,0,54699441
북아현동,11410555,188282,1512,1234,2822,3227,2872,2942,1649,1078,407,2790,1683,1483,1295,1294.624,23694.95,8,38,5,117,0,0,3,4,2,0,42321069
충현동,11410565,108396,893,1419,2984,2723,2912,3250,2225,1416,626,4313,1677,1258,1146,24784.95,35823.58,27,37,1,474,0,2,8,13,3,2,74505272
신촌동,11410585,217905,1038,1286,10124,3747,2199,2058,1420,1039,427,8497,1480,849,669,21489.95,29758.01,82,121,74,1563,2,24,28,63,16,2,77828048
연희동,11410615,105565,2076,3171,8288,6455,6117,5803,4126,3048,1196,9375,3508,2620,2213,9058.184,32514.24,37,54,3,482,7,6,7,8,8,0,83372158
홍제1동,11410620,119428,1589,2057,3010,3356,3957,3780,2899,1947,722,3136,2246,1886,1672,1497.008,22137.15,14,37,4,199,1,3,1,14,0,0,63044336
홍제3동,11410640,104529,910,1422,2253,2090,2668,2866,2249,1617,640,2582,1636,1365,1156,1170.506,25493.17,11,31,10,250,1,1,9,11,5,1,91872039
홍제2동,11410655,121252,1009,1279,1979,2013,2376,2698,1783,1228,456,1632,1419,1271,1169,1667.142,19419.74,4,10,3,101,5,5,3,8,4,1,75391002
홍은1동,11410660,102028,1508,2245,3300,3026,3911,4240,3089,2031,817,3225,2156,1953,1829,1449.51,28623.62,10,32,3,144,0,2,5,4,5,0,62340083
홍은2동,11410685,107582,1736,2729,4514,4017,4903,4946,3494,2366,909,4687,2800,2326,2051,3519.521,13442.65,20,33,1,233,5,8,9,7,6,0,53458376
남가좌1동,11410690,202508,2443,1432,2008,2919,3206,2273,1634,978,350,1426,1162,1491,1489,1418.172,20856.15,8,34,15,163,1,0,3,5,3,1,60666779
남가좌2동,11410700,84515,1486,1981,3707,3168,3637,3666,2627,1855,714,4202,2185,1719,1516,1564.212,29268.98,21,29,1,306,2,11,10,25,4,0,38899856
북가좌1동,11410710,134330,1758,2017,2396,2909,3548,3016,2051,1334,475,1489,1597,1704,1707,1733.801,14116.31,10,11,0,57,1,1,2,0,4,0,75127729
북가좌2동,11410720,111716,2144,2967,4974,4950,5694,5807,4230,2751,930,5257,3453,2850,2428,2763.538,21182.97,32,33,3,272,1,11,12,16,6,0,55114688
아현동,11440555,206701,2706,1787,3445,5459,4134,4015,2338,1296,566,3214,2270,2350,2001,19188.44,14081.21,22,40,7,499,0,4,6,5,8,1,63541429
공덕동,11440565,103366,2585,2841,6551,7048,6551,6836,4281,2739,1086,7859,3929,3199,2701,12380.08,40403.84,30,49,4,279,1,4,10,15,1,1,48559722
도화동,11440585,172000,1719,1848,3182,4002,3701,3606,2488,1580,771,3524,2042,1823,1689,11182.77,26264.33,22,27,4,412,0,3,6,23,1,0,67191914
용강동,11440590,139479,2429,2018,2599,4102,4458,3108,1974,1283,570,3079,1926,1898,1716,17095.48,38283.94,29,32,1,416,4,3,8,25,2,1,47644461
대흥동,11440600,131515,490,852,4028,2115,1901,1839,1213,890,365,4664,1187,657,521,6079.034,16958.51,41,30,46,362,1,8,5,11,5,3,72922446
염리동,11440610,120056,654,959,2163,1593,1862,1656,1102,837,317,2349,1026,754,623,6191.801,19994.28,9,28,5,203,2,0,2,10,4,1,49842795
신수동,11440630,132489,1656,1974,3330,3609,3852,3187,2108,1409,575,3487,1851,1760,1607,3665.765,31763.57,17,24,1,190,0,0,5,4,1,0,71459455
서강동,11440655,155007,2033,2015,5021,4686,4345,3679,2160,1338,568,5036,2208,1968,1800,7463.229,23441.94,41,47,5,570,4,8,3,4,6,2,71504625
서교동,11440660,174220,1145,1527,6072,5748,4057,3148,2196,1577,675,8332,2452,1515,1198,49629.42,47133.1,132,156,23,2941,0,24,45,86,6,2,90178696
합정동,11440680,137632,1487,1155,3736,4307,2823,2596,1866,1223,461,4836,2131,1303,1026,10544.78,6176.613,29,45,8,570,4,4,4,12,0,1,78262960
망원1동,11440690,143486,1277,1571,3484,4173,3555,3156,2305,1534,553,4769,2280,1501,1287,2967.536,35100.75,25,33,2,419,0,5,10,18,2,0,64886048
망원2동,11440700,105055,1477,1882,2738,3331,3568,2814,2110,1346,451,2799,1873,1531,1535,1452.93,38330.7,18,31,0,272,3,6,3,14,2,0,53377675
연남동,11440710,124463,851,1056,3588,3672,2674,2323,1789,1144,484,4704,1834,1109,834,4958.194,16321.22,26,44,2,668,0,3,1,10,2,0,57812942
성산1동,11440720,112213,1241,1706,3206,3808,3731,2865,2085,1361,445,4030,1989,1566,1253,8334.862,12468.45,31,27,3,233,8,5,4,15,3,0,43071951
성산2동,11440730,141841,3193,4061,6273,6952,7384,5601,3988,2790,935,6940,3682,3242,3082,9830.541,30094.05,30,44,1,285,1,2,8,3,4,2,62391219
상암동,11440740,179654,3547,4503,4137,4844,7011,4320,2782,1686,672,3888,2395,2518,2807,39593.38,26370.64,53,43,0,753,1,3,8,7,0,1,73776171
목1동,11470510,152416,3132,5388,3758,3811,7379,4860,2550,1176,437,1582,1674,2791,3582,12857.31,17788.22,36,29,3,592,0,5,15,26,8,2,67452083
목2동,11470520,106250,2135,2999,5134,5846,4958,5217,3313,1520,590,4160,2767,2622,2495,2615.585,25469.66,25,29,2,200,9,7,8,15,4,1,41716898
목3동,11470530,130152,1496,1764,3567,4050,3350,3720,2494,1221,512,3263,2110,1902,1591,2390.137,26577.35,17,31,1,240,0,5,11,26,6,1,63108875
목4동,11470540,102755,1756,3954,4158,3272,5309,4732,2376,1302,483,2715,1862,2070,2629,2093,24663.38,21,33,2,282,2,5,6,17,11,0,33278909
목5동,11470550,188222,3724,7869,5111,4449,9678,6778,3574,1438,738,1612,1987,3550,5233,5508.924,21361.16,19,40,0,220,2,5,5,4,16,0,95751179
신월1동,11470560,92224,1361,1655,2964,3333,3650,4317,3214,1619,471,4129,2295,1821,1422,2751.056,11538.09,16,47,4,319,1,8,11,27,1,0,64933586
신월2동,11470570,76263,1810,2016,2922,3677,3601,3719,3215,1457,473,2342,1986,1947,1722,2161.591,40214.86,9,33,3,113,1,2,7,8,5,0,38059445
신월3동,11470580,87821,1153,1431,2389,2396,2732,3300,2296,1217,404,3811,1796,1284,963,2475.255,15157.18,11,45,0,123,5,3,6,7,0,0,70632101
신월4동,11470590,127282,1897,1854,2298,3062,3186,3146,2481,1208,399,1404,1576,1671,1661,2232.723,21803.76,15,11,0,192,4,0,6,15,0,0,50342883
신월5동,11470600,70434,1269,1431,2307,2460,2544,2711,1864,968,309,2030,1419,1331,1200,3578.128,29256.89,16,21,6,166,5,3,5,16,2,0,43557685
신월6동,11470610,80162,463,756,870,897,1131,1249,929,468,140,695,566,554,586,1148.304,19686.08,6,13,0,74,0,2,5,10,0,0,43407520
신월7동,11470611,77072,1506,1887,2963,3348,3530,3979,3177,1680,680,2803,2449,2037,1621,3031.039,34066.56,13,37,0,171,2,5,12,22,3,1,45306961
신정1동,11470620,122610,1913,3266,2683,2452,4320,3534,2002,1022,415,1399,1210,1640,2359,2622.046,33829.9,10,23,2,211,3,3,2,11,7,0,75428266
신정2동,11470630,110392,1404,3236,2925,2047,4183,3790,1982,1023,423,1546,1230,1509,2284,1652.641,30473.64,12,23,0,190,2,2,7,16,19,0,37337906
신정3동,11470640,132155,4526,5978,6093,6863,9253,8065,5258,2754,1001,4228,3882,3986,4403,6279.658,33881.23,19,44,3,248,3,4,11,23,6,1,61025285
신정4동,11470650,109967,2337,2750,5469,6272,5838,6066,4482,2384,667,6273,3515,2917,2338,7984.466,32607.46,48,63,6,489,5,12,13,66,6,1,44326945
신정6동,11470670,215697,2141,3983,3467,2920,5130,4317,2266,861,415,983,1362,2232,2927,5696.495,28246,12,14,0,63,0,2,0,0,5,0,61517015
신정7동,11470680,136951,1976,3742,4078,3488,5451,5536,3460,1817,812,2697,2413,2595,2834,2116.235,41962.83,11,20,1,147,11,6,5,7,13,0,70766365
염창동,11500510,120022,4366,4779,5411,7031,7891,5973,3601,1558,549,3033,2729,3573,4134,10879.41,41701.44,25,35,11,305,7,5,11,18,9,1,94534858
등촌1동,11500520,96292,1573,1612,4560,5481,3384,3189,1948,1046,585,5893,2088,1702,1526,26931.08,36604.52,31,23,0,321,2,3,5,22,2,1,77676754
등촌2동,11500530,83520,1596,1945,3485,3944,3259,3725,2678,1141,384,2339,1961,1887,1796,2421.354,13213.3,11,19,1,131,5,4,4,5,1,0,59102792
등촌3동,11500535,153408,1955,2872,4889,5005,4684,6143,4446,2293,1301,5153,3849,2856,2270,13888.92,26738.39,29,47,0,423,3,6,12,20,11,0,65367007
화곡1동,11500540,88548,3613,3060,8894,11990,7911,8378,6625,3391,919,11175,5827,4448,3040,4635.506,20663.88,60,81,104,614,3,11,22,62,2,1,79815032
화곡2동,11500550,74873,1689,1730,2653,3750,3568,2968,2322,1192,293,2679,1965,1710,1385,1660.238,29757.23,12,45,0,79,2,3,4,5,1,0,26794756
화곡3동,11500560,111778,1541,1851,3357,3572,3339,3742,3175,1577,477,2908,2045,1922,1641,2435.279,14030.2,13,25,0,258,1,11,15,23,5,0,65083674
화곡4동,11500570,120581,1570,1684,3180,4133,3630,3829,2994,1474,492,3493,2371,1974,1503,1847.609,34848.18,16,42,4,283,3,6,12,38,3,0,65061840
화곡본동,11500590,113590,3005,2880,5403,7265,6146,5186,3838,1945,615,6224,3618,2980,2349,2588.034,17956.77,25,49,41,266,2,6,11,14,4,0,56136461
화곡6동,11500591,110257,1616,1920,3888,4311,3853,4222,3191,1412,509,4358,2303,1987,1729,10727.76,20511.91,36,39,20,498,4,7,21,41,2,0,55462279
화곡8동,11500593,152370,1885,1954,3862,5152,4327,4142,3447,1819,479,4115,2920,2241,1770,1668.841,23890.73,15,34,0,227,0,7,7,12,3,1,52992063
가양1동,11500603,239840,2118,2228,7845,7846,4679,4421,2600,1121,421,10749,2485,2069,2004,21145.75,17023.36,87,45,0,854,15,4,20,26,1,2,47943923
가양2동,11500604,158938,631,639,2308,2825,1650,2938,2905,1426,680,3752,2167,1248,727,2224.94,12387.06,5,11,0,80,1,3,3,3,2,1,2.44E+08
가양3동,11500605,92691,942,857,2137,3256,2086,2704,2469,1400,572,2846,2368,1466,801,8165.961,19041.59,3,10,0,47,3,0,0,0,0,0,38690104
발산1동,11500611,107256,4306,5322,4678,5372,7704,5629,3423,1865,668,2436,2833,3156,3772,7282.067,23406.32,24,45,3,287,4,7,11,7,12,0,46830484
우장산동,11500615,126287,4575,5730,5637,6911,9098,6747,4769,2255,635,3749,3105,3806,4600,4972.711,15744.96,30,36,3,254,3,9,8,21,7,1,66505203
공항동,11500620,103373,2967,1860,4014,5738,4433,4359,3033,1639,561,5217,2602,2205,1887,41786.24,16164.56,44,54,5,410,16,4,11,31,1,4,66673375
방화1동,11500630,119026,5242,4321,5782,7657,7977,6886,5118,2555,897,4590,3667,3640,4000,7561.275,26880.93,36,37,4,394,3,10,16,30,5,2,80479599
방화2동,11500640,75611,1462,1750,3683,3909,3593,4002,3389,1999,739,5134,2527,1818,1407,4544.753,19045.83,27,41,8,306,3,9,11,33,1,2,34351188
방화3동,11500641,135092,1755,1765,3141,4261,3787,4113,3518,1921,823,4337,2772,2118,1522,4010.896,17056.21,19,19,0,117,0,3,1,4,0,1,39912508
신도림동,11530510,121697,4048,3658,4721,6870,6684,5367,3853,1742,592,2755,2820,3325,3447,10402.61,21892.55,31,43,1,348,1,3,5,13,5,2,77388531
구로1동,11530520,127816,2268,2185,2801,4226,3829,3252,2240,885,323,1666,1710,1876,2083,2403.243,28894.89,11,14,0,104,1,3,5,3,6,0,26746919
구로2동,11530530,113861,1851,2005,4279,5237,6565,8287,4546,2656,798,6030,2901,1949,1502,26592.04,40688.9,25,98,35,645,4,11,16,43,2,1,61497659
구로3동,11530540,171524,1913,1613,4839,6295,4483,3640,2619,1393,483,7805,2185,1694,1427,78091.54,28986.57,71,70,14,846,6,9,24,51,2,2,73845419
구로4동,11530550,126113,1537,1523,3286,4521,4620,5748,3437,1979,637,4831,2523,1733,1225,2281.133,9173.017,18,60,22,439,2,7,13,45,4,0,68968475
구로5동,11530560,86362,2536,2040,5444,6705,5356,5943,3642,1962,620,6490,2808,2340,1997,19241.06,26680.19,31,75,13,612,4,10,13,54,3,1,79571562
가리봉동,11530595,76350,618,533,1547,2268,3154,4813,2135,917,352,3796,1048,559,368,1492.239,23589.5,17,47,37,297,1,8,3,49,0,0,66118298
고척1동,11530720,101807,1728,2326,3449,3394,4023,4190,3226,1724,552,2760,2092,2025,2031,6598.554,24230.56,12,49,4,353,2,8,17,28,5,0,1.24E+08
고척2동,11530730,69820,2334,2703,3968,4131,5065,5206,3633,2058,710,3593,2600,2437,2333,2004.957,16062.34,23,37,2,225,2,2,7,18,1,0,35462568
개봉1동,11530740,93218,2547,2851,4522,5115,5576,6115,4702,2569,786,4655,3285,2740,2479,3449.508,25904.43,21,54,6,325,6,8,7,26,2,1,52201673
개봉2동,11530750,99193,2907,2699,4079,5643,5174,5352,4772,2484,718,3159,3093,2949,2643,1378.294,14159.7,11,28,5,205,0,6,4,14,5,0,73556473
개봉3동,11530760,79498,1640,1784,2857,3542,3562,3619,3014,1558,515,2464,2132,1973,1624,4790.018,11085.22,11,30,0,194,3,4,7,9,2,0,54569392
오류1동,11530770,97961,1452,1388,3665,4488,3245,3314,2811,1621,523,4707,2286,1648,1298,2450.511,9673.975,27,27,23,201,5,9,9,21,4,0,1.03E+08
오류2동,11530780,108371,4968,4204,5386,6914,7574,6536,5144,3036,1024,4345,3858,3389,3637,4838.074,12969.16,25,35,0,232,2,5,4,9,4,2,55056094
수궁동,11530790,73171,2050,2319,3340,3926,4295,4154,3303,1751,512,2603,2392,2181,1946,4157.971,7700.557,23,32,0,162,8,7,9,11,2,1,60316783
가산동,11545510,108401,1071,874,5121,5134,3535,4411,2295,1034,299,8664,1686,1141,824,151824.3,6978.961,104,96,48,1137,3,10,31,41,1,1,77413002
독산1동,11545610,101676,3074,2342,6482,7780,6053,6559,4045,2301,715,8068,3286,2707,2461,18419.19,36676.46,33,75,8,467,5,6,14,33,2,1,66525245
독산2동,11545620,77147,1313,1612,3096,3152,3663,4869,2854,1368,387,3888,2134,1663,1318,1668.058,16701,14,30,3,194,3,8,5,15,1,0,46873366
독산3동,11545630,90960,1686,1869,4014,4586,5166,7030,3913,1848,545,5392,2701,2003,1578,4518.127,20747.79,17,66,8,377,4,12,12,30,4,0,78972911
독산4동,11545640,79178,1082,1337,2531,2645,3235,4172,2424,1210,308,3215,1700,1348,1048,1734.809,27274.42,13,30,12,209,1,4,11,31,0,0,55599357
시흥1동,11545670,108348,2596,2816,4817,5750,6067,7053,4582,2577,812,5966,3404,2776,2409,11790.19,10931.21,39,56,24,620,5,12,17,50,7,1,55035845
시흥2동,11545680,154199,1934,2431,2859,2933,4065,4037,2890,1712,585,1939,2015,1895,2007,1470.812,29122.98,3,10,0,39,0,0,0,1,4,0,76434633
시흥3동,11545690,106961,747,853,1601,1697,1760,2209,1737,953,287,1389,1208,1010,838,7116.108,18242.51,9,26,2,155,7,2,4,8,0,0,58452970
시흥4동,11545700,92996,1515,1899,3120,3162,3635,4452,3060,1629,511,3018,2166,1844,1616,929.8488,49369.05,11,27,0,122,0,4,6,8,1,0,98887392
시흥5동,11545710,106072,1217,1783,2765,2712,3535,4034,2911,1883,654,3713,2212,1660,1342,1944.947,19861.26,12,43,1,185,2,5,7,17,2,0,76507807
영등포본동,11560515,130543,1894,1684,3179,4093,4225,5017,3196,1670,601,4272,2003,1804,1584,3144.931,39509.51,23,52,6,252,2,5,4,23,4,1,62285094
영등포동,11560535,128215,1284,1029,5204,5804,3475,3755,2784,1430,501,10924,2025,1257,1062,21997.05,47426.74,72,134,125,1032,7,10,35,65,2,1,53931990
여의동,11560540,187993,3142,2952,4023,5326,5509,5076,3810,2628,1163,3352,2800,2978,2782,356983.4,7189.33,96,132,5,1928,5,7,25,16,5,4,80805968
당산1동,11560550,98777,1388,1232,3394,4357,3214,3218,2558,1375,511,4962,2044,1560,1213,18402.18,19756.6,33,66,35,608,4,3,14,45,1,1,72642598
당산2동,11560560,143401,2857,2388,7198,7866,5061,4774,3348,1778,751,8178,2846,2650,2504,30314.95,32749.88,40,37,9,423,1,6,13,17,4,1,66802973
도림동,11560585,79065,1444,1222,2999,4142,3729,4292,2473,1461,532,4311,2050,1455,1108,3418.59,42103.56,13,36,1,168,2,6,5,14,3,0,54897711
문래동,11560605,114516,3485,2958,3639,6210,5661,4084,3367,1869,714,3461,2610,2786,2708,35271.13,37892.99,40,67,5,564,7,4,18,11,5,1,88865044
양평1동,11560610,72461,1456,1151,2585,4201,2831,2245,1712,1086,410,3832,1811,1393,1039,19650.84,15475.26,20,34,12,321,2,3,9,6,1,1,55036596
양평2동,11560620,110113,1911,1911,3776,4987,3756,3165,1965,1070,403,3829,1984,1790,1740,40479.13,23073.03,39,46,11,365,9,2,9,15,1,1,29682852
신길1동,11560630,87032,886,1164,3129,3269,3176,3561,2364,1499,558,5439,1782,1161,868,3268.483,86612.6,18,41,13,235,4,8,10,21,4,1,55755560
신길3동,11560650,111927,1212,1315,2237,2522,2942,3424,2310,1253,450,2740,1446,1284,1175,1615.018,27206.95,10,30,11,160,2,3,7,17,2,0,49757752
신길4동,11560660,103159,508,753,1436,1334,1733,2249,1462,823,303,1838,962,752,606,1315.701,12279.92,6,14,3,88,0,2,2,5,2,0,73570577
신길5동,11560670,77926,671,882,1427,1655,2120,2692,1677,866,287,1931,1019,802,633,1227.841,28637.2,7,26,12,106,3,2,4,13,0,0,23904630
신길6동,11560680,134704,1323,1395,2958,3250,3097,3576,2462,1346,492,3322,1776,1465,1244,2817.553,30219.09,12,36,8,217,9,5,2,21,6,1,1.04E+08
신길7동,11560690,101418,1669,1691,2522,2945,3042,2642,1635,868,327,1914,1286,1330,1572,2929.145,30470.41,13,8,5,118,3,3,1,9,2,1,52407517
대림1동,11560700,85886,910,1108,2187,2381,2922,3690,2179,1270,389,2899,1388,1027,813,2691.757,24088.05,17,37,7,216,1,7,3,17,1,0,59051022
대림2동,11560710,118731,1207,990,2241,3523,4036,5806,2625,1373,426,3167,1523,918,664,2127.26,21423.05,19,46,10,400,1,9,8,54,1,0,77244429
대림3동,11560720,80087,1890,1993,3730,4721,4938,6391,3599,1831,590,3874,2396,1998,1815,8140.02,20451.33,29,53,2,376,8,9,17,77,1,1,93676970
노량진1동,11590510,163272,2276,2304,5575,5443,4686,5039,3878,2394,963,6149,3016,2525,2177,3613.257,10373.96,42,51,12,559,1,25,10,16,75,2,69664467
노량진2동,11590520,115939,500,793,2464,2215,2023,2808,1967,1191,432,3890,1422,971,665,5466.503,23468.87,22,37,10,295,2,6,4,19,6,0,59273848
상도1동,11590530,116809,3707,3710,10702,7646,7147,6353,4864,2909,1128,9107,3843,3677,3340,4941.528,21284.49,47,38,4,446,6,16,22,23,7,2,85563504
상도2동,11590540,108435,2348,2023,4233,4873,4426,3963,2978,1805,684,4655,2416,2104,2020,3548.19,34399.94,22,32,7,256,0,5,8,14,4,1,45364900
상도3동,11590550,172873,1700,1915,4189,4689,4046,4090,2952,1949,628,4585,2553,2103,1655,1274.451,28562.28,12,24,0,151,1,8,3,12,5,0,49104746
상도4동,11590560,80353,2136,2223,4524,5346,4778,4775,3485,2081,785,4766,2963,2469,2096,1440.34,28468.51,14,26,1,169,1,3,2,13,1,0,45993057
흑석동,11590605,138201,2175,2297,6498,4562,4570,4693,3477,2300,950,5127,2583,2372,2148,4828.394,31572.42,27,41,5,441,2,10,12,12,5,1,75952356
사당1동,11590620,107548,1125,1097,5111,5030,3147,3617,2858,1562,402,6671,2514,1657,1210,6636.233,22491.49,30,29,7,440,2,9,10,38,2,0,55843880
사당2동,11590630,180474,2160,1819,3981,5083,4377,4507,3696,2198,709,3975,2777,2395,1980,3524.948,13842.45,23,35,7,459,1,7,9,32,3,2,41502331
사당3동,11590640,130842,2216,1818,3714,4445,4005,4065,3260,1888,551,3334,2292,2111,2005,2653.366,18536.32,13,22,0,158,0,2,3,5,10,0,39112200
사당4동,11590650,151939,897,879,2584,2773,2212,2299,1826,1144,298,2776,1509,1159,988,900.6097,9992.937,10,20,2,107,2,4,2,9,1,1,39239063
사당5동,11590651,92915,1031,972,2059,2365,2121,1978,1483,871,312,2171,1188,1085,955,833.222,30193.02,6,11,0,59,0,1,1,1,0,0,56112305
대방동,11590660,115822,2791,4778,6509,6010,7454,5814,3872,2349,935,6368,3146,2892,3352,9513.963,24116.55,36,42,3,277,3,8,11,15,8,2,54508653
신대방1동,11590670,115816,2057,2836,3427,3944,5147,4879,2915,1551,558,3449,1939,1819,2063,2752.955,13041.3,9,31,5,188,4,3,3,9,3,1,65767452
신대방2동,11590680,110308,1809,1931,3259,3661,3570,2897,2029,1367,444,3721,1650,1534,1523,19060.01,36595.59,31,25,3,313,0,5,14,10,1,0,66951518
보라매동,11620525,100775,1654,1785,4618,4811,3890,3934,3225,1912,581,5178,2598,1949,1604,5375.124,62219.76,16,28,0,255,4,5,5,20,4,0,41224993
청림동,11620545,75945,1639,1273,2059,2986,2725,2398,1823,1198,445,1947,1548,1472,1276,663.5496,23451.04,7,14,2,64,3,1,1,2,1,0,1.09E+08
성현동,11620565,120950,2561,3461,4151,4754,5981,5060,3866,2549,806,3791,2998,2665,2694,1651.062,41149.29,11,20,0,94,0,4,4,2,6,0,69902591
행운동,11620575,115005,1526,1598,7346,6351,3989,3890,3180,1930,552,9856,2863,1887,1508,3774.203,21641.16,35,33,11,305,1,9,5,17,4,0,50959433
낙성대동,11620585,122840,986,995,5443,3876,2289,1793,1398,926,299,7147,1496,912,733,12115.88,22508.96,23,29,12,512,1,5,10,27,6,0,69252094
청룡동,11620595,163423,1197,1632,8646,5690,3750,3664,2931,1766,474,12209,2452,1403,1205,7671.665,13498.01,43,45,31,420,1,11,14,25,1,1,54935888
은천동,11620605,144398,2829,2831,5295,6273,5832,5328,4185,2582,739,5990,3396,2723,2538,3760.622,19084.75,24,38,0,305,3,5,13,21,3,0,61942120
중앙동,11620615,117149,547,795,4077,3031,1968,2131,1660,1078,332,5486,1527,883,700,2045.511,24827.16,20,14,0,236,0,2,5,9,5,1,70954996
인헌동,11620625,148282,1599,1886,5703,5482,4096,3723,2763,1729,520,7209,2635,1915,1592,3764.922,40028.15,21,24,0,234,3,6,7,17,5,1,66230322
남현동,11620630,117371,1281,1014,3911,4063,2561,2703,2031,1164,312,4355,1851,1395,1134,3330.718,31898.26,22,29,10,249,3,1,3,15,3,0,76561075
서원동,11620645,162127,953,1094,6040,4983,3131,3320,2414,1524,389,7870,2389,1470,1016,4236.646,9121.974,27,33,13,470,1,11,13,33,4,0,95251328
신원동,11620655,138271,894,1093,4269,3715,2842,3055,2265,1491,410,5558,2138,1258,927,977.573,49392.71,10,26,0,180,0,4,2,12,3,0,77780158
서림동,11620665,81403,1104,1336,6157,5080,3418,3280,2607,1527,442,8972,2155,1486,1117,1614.738,19868.67,22,29,0,185,9,9,7,8,15,0,60213807
신사동,11620685,106746,1296,1514,5317,4854,4107,4569,2695,1520,457,7384,2290,1554,1132,2190.532,41087.29,27,44,3,239,3,7,9,22,4,0,60928554
신림동,11620695,157066,534,611,7737,5699,2507,1985,1469,896,260,12308,1972,719,431,2786.872,50152.5,44,52,121,512,1,13,13,58,1,1,76886596
난향동,11620715,130053,1514,1630,1808,2347,3290,2556,2005,1157,369,1809,1453,1381,1371,1398.756,35837.55,4,15,0,41,3,2,1,1,1,0,72696272
조원동,11620725,85133,998,1032,3810,3838,2966,3510,2237,1197,389,6023,1784,1080,890,3983.64,11760.62,23,49,6,403,0,9,9,39,2,0,50428307
대학동,11620735,114378,935,1181,7178,4992,3709,3108,2083,1225,410,11348,1765,1186,939,2338.206,15754.47,43,39,1,548,1,32,19,30,56,0,44896461
삼성동,11620745,96875,1270,2079,3365,3316,4184,4852,3928,2552,883,4447,2668,2052,1753,1160.787,16470.73,7,40,9,116,1,0,2,7,2,0,60162095
미성동,11620765,90335,2197,2768,5081,5161,5357,5605,4439,2275,621,5202,3092,2645,2381,3216.572,16623.69,21,42,7,238,4,3,8,13,5,0,45006796
난곡동,11620775,132216,1781,2360,4330,4214,4700,5468,3781,2342,696,4813,3028,2419,1944,1108.263,24453.13,21,37,0,126,2,7,4,9,5,0,39418135
서초1동,11650510,125777,1720,1936,3066,3939,3864,2927,2313,1160,407,3678,1708,1569,1567,40616.31,9121.2,35,43,5,493,7,9,16,16,8,1,72176627
서초2동,11650520,193137,1490,1734,2585,3634,3272,2312,1663,877,284,3243,1399,1343,1361,58455.78,51584.27,44,50,9,683,0,6,14,16,9,1,85166789
서초3동,11650530,136069,1845,2832,4942,4877,4980,4885,3425,1962,640,4975,2493,2275,2182,73209.98,25619.71,86,55,38,1220,9,8,43,66,13,0,65642910
서초4동,11650531,126006,3189,4286,3683,4193,6530,4362,2962,1688,566,2135,1859,2528,3362,26284.26,6011.395,37,36,5,661,3,4,24,19,16,0,96330336
잠원동,11650540,135606,2953,4080,4433,5757,7108,5081,3107,1574,622,4573,2616,2934,3047,19334.04,49210.53,37,37,7,493,5,6,9,31,6,1,84470324
반포본동,11650550,154215,734,2259,1427,990,2904,1876,1114,959,291,731,814,984,1348,1017.271,40133.46,7,19,0,111,0,2,1,3,4,1,35341248
반포1동,11650560,189338,2692,2930,4118,5375,5814,3518,2470,1189,364,6080,1933,1952,2184,8357.412,28561.44,28,31,2,375,1,10,6,20,3,2,72505271
반포2동,11650570,303013,2697,3627,2452,2895,5244,3102,2102,1348,369,1159,1394,1911,2468,2271.73,18733.8,9,14,0,62,0,0,0,0,7,1,1.25E+08
반포3동,11650580,142847,1765,2716,2109,2511,4171,2668,1723,959,390,1291,1260,1666,1939,8023.062,21299.22,8,25,0,134,0,3,4,5,5,0,24696334
반포4동,11650581,265483,1963,2325,2494,3220,3816,2843,2193,1051,385,1846,1508,1730,1716,32776.78,33786.99,42,66,3,644,6,6,6,12,9,1,1.75E+08
방배본동,11650590,118396,1683,2941,2742,2757,4275,3237,2041,1185,555,2067,1468,1686,1947,7703.586,16712.82,24,20,10,348,7,3,9,19,6,0,37903682
방배1동,11650600,135583,1231,1458,2641,3253,2890,2442,1894,1154,361,2791,1694,1392,1230,11163.1,16247.93,17,28,3,318,1,10,12,30,4,0,78185832
방배2동,11650610,142822,1642,2163,3993,4203,4005,4276,3441,1949,515,3728,2484,2102,1933,13628.66,28987.64,27,34,1,413,10,3,13,22,4,1,40369486
방배3동,11650620,88406,1432,2165,3176,3114,3487,3774,2968,1507,477,2307,1798,1824,1883,9806.556,20389.07,17,28,1,132,2,0,4,0,3,0,71590642
방배4동,11650621,118764,1933,3010,3578,4150,4765,3741,2420,1618,529,3402,2064,1948,2111,12697.01,47318.83,25,26,6,357,1,2,11,10,7,0,52920947
양재1동,11650651,146052,5424,4174,5790,8318,8044,6473,5158,2585,918,5826,3891,3452,3622,37080.06,16191.89,50,54,2,652,10,7,25,32,3,1,61421578
양재2동,11650652,87157,1849,1788,3619,5078,4174,3476,2374,1176,350,4927,2277,1672,1527,121874.7,112690.7,53,66,0,744,6,6,28,51,5,1,49656431
내곡동,11650660,135860,2553,1218,2074,3449,2869,2524,2297,1304,458,1950,1708,1574,1422,6250.259,29047.84,12,15,0,97,4,0,1,3,1,1,24869447
신사동,11680510,190766,1163,1830,2555,2820,3315,2445,1803,1363,495,2926,1554,1302,1311,34695.82,44322.06,50,47,13,1008,4,7,9,33,4,1,63490563
논현1동,11680521,158358,915,1060,4827,6395,3929,2945,2278,1232,403,9104,2400,1326,895,42061.79,12262.41,83,67,11,943,4,13,18,41,5,2,80451883
논현2동,11680531,141326,1410,1431,3618,5068,3876,2881,2301,1332,419,5824,2121,1616,1249,66064.15,45590.27,78,58,12,1076,8,10,15,17,5,2,66614871
압구정동,11680545,179640,2537,2997,3340,3979,5260,3746,3143,2202,761,2935,2288,2434,2341,34873.82,37966.65,56,73,3,955,5,5,9,19,7,0,36710837
청담동,11680565,159986,2483,2748,4312,5125,5318,4452,3162,1756,557,4302,2334,2394,2333,43973.53,18386.09,60,70,3,853,6,4,7,9,4,1,78701016
삼성1동,11680580,159989,1093,1510,2212,2473,2552,2401,1700,929,249,1890,1166,1149,1218,93347.19,19660.63,57,49,3,791,10,3,21,22,2,3,77699116
삼성2동,11680590,183569,2628,3405,3925,5571,6379,3712,2385,1505,409,5544,2189,2261,2338,58201.91,14632.25,55,59,27,537,7,6,15,10,6,4,79898284
대치1동,11680600,220376,2049,5601,2774,1918,6253,3653,1855,935,295,566,904,1923,3169,3779.439,12832.86,23,17,0,189,0,6,3,8,10,0,45025997
대치2동,11680610,171168,2096,6968,6048,3891,8088,7388,4035,1863,567,2450,2096,3252,4629,62331.6,28635.06,50,62,2,628,2,6,18,10,31,2,55891642
대치4동,11680630,172127,852,2737,3656,3688,4432,3072,1484,921,249,5144,1658,1392,1489,27739.79,10095.37,66,42,7,815,1,8,19,29,30,0,70854879
역삼1동,11680640,160658,1319,1577,7640,10635,5819,4270,2946,1620,450,15817,3369,1797,1231,187346.5,24036.22,191,157,64,2753,3,35,74,103,26,2,82172086
역삼2동,11680650,166016,3296,5280,4589,5899,8444,4426,2542,1593,476,5802,2250,2777,3227,49498.11,21816.84,56,56,31,554,11,6,17,10,14,0,80665610
도곡1동,11680655,181810,1951,2444,3407,3579,3973,3543,2397,1116,392,2478,1509,1810,2118,13865.34,13435.08,28,25,2,244,8,1,6,5,6,1,70970328
도곡2동,11680656,164714,2998,4937,4395,4219,6753,5368,3502,1790,602,2284,2278,2959,3553,29740.23,50884.9,24,25,0,323,3,3,9,10,11,2,52267047
개포1동,11680660,86971,632,1167,2020,1609,1809,2500,2128,924,283,1631,1156,997,1107,1879.397,23825.11,2,13,0,20,0,0,0,0,1,0,0
개포2동,11680670,114487,823,1859,2013,1546,2384,2618,1768,677,248,1146,863,1104,1487,2215.171,15785.52,12,26,0,158,1,1,6,9,7,3,31478843
개포4동,11680690,79851,1265,1879,2851,3053,3319,3166,2054,915,284,2953,1483,1440,1477,9109.193,26795.34,29,30,2,247,2,6,18,19,7,0,47358255
세곡동,11680700,186887,5664,4363,5476,7974,7553,5912,4460,2402,1120,5245,3524,3252,3546,5325.571,8055.002,22,29,0,193,10,2,1,2,3,0,50424661
일원본동,11680720,165450,2436,3647,2783,3304,4930,3726,2630,924,430,1528,1441,2003,2686,8737.012,31616.99,11,16,0,57,0,1,1,1,4,1,3.20E+08
일원1동,11680730,105486,993,1474,2566,2644,2477,2841,2408,1258,462,2996,1727,1365,1101,3534.848,10386.68,12,24,0,206,2,9,10,27,7,0,98481903
일원2동,11680740,151600,1110,1648,1835,2583,2756,2370,2145,1153,356,1972,1543,1363,1294,15850.55,16278.58,7,16,0,84,5,1,0,0,4,1,77839841
수서동,11680750,141561,774,799,2038,2900,1813,2749,3198,1613,625,3084,2301,1377,820,16382.09,25728.51,19,19,0,215,1,2,4,5,4,1,1.16E+08
풍납1동,11710510,100747,1012,1169,2099,2626,2586,3078,2389,1250,389,2526,1617,1312,1108,1025.223,37718.16,9,22,0,151,0,4,3,14,0,0,51980027
풍납2동,11710520,80414,2126,2264,3795,4424,4145,3686,2866,1372,466,3692,1979,2127,2022,10893.35,21210.39,18,26,0,167,2,3,4,14,12,0,79850836
거여1동,11710531,89375,779,1298,1870,1656,2315,2484,1732,919,280,1679,1151,1063,1044,3111.923,40468.28,14,17,3,126,1,5,9,13,3,1,31661813
거여2동,11710532,134566,1216,1654,1998,2520,3130,2984,2238,1336,446,2394,1734,1448,1293,2393.098,22746.59,12,19,0,132,1,5,6,13,5,0,41565403
마천1동,11710540,79070,1469,1897,2726,2744,3532,3892,2990,1781,608,3549,2057,1624,1487,1202.051,22452.19,11,31,5,158,0,2,3,11,0,1,47899515
마천2동,11710550,95107,1165,1704,2710,2562,3277,4031,2814,1654,588,2975,2023,1640,1430,3074.47,18720.83,9,29,0,231,2,11,9,14,1,0,61346960
방이1동,11710561,101832,1194,1972,2595,2340,2916,2784,1741,751,314,1677,1188,1315,1501,5453.908,60705,24,14,1,309,3,3,12,23,11,1,49691742
방이2동,11710562,131314,1513,1570,4383,5498,3864,3997,2836,1290,406,6279,2465,1882,1437,14946.96,13878.81,38,31,70,691,3,12,26,72,7,0,95377128
오륜동,11710566,328710,1425,3176,2481,1932,3682,3184,2204,826,352,646,1025,1575,2175,4478.676,17187.23,13,22,0,65,1,1,1,0,4,1,57351282
오금동,11710570,83736,2933,3698,6020,5891,6069,7173,4933,2105,839,3953,3247,3443,3374,12579.57,8195.076,36,63,0,366,8,6,15,23,14,1,34235185
송파1동,11710580,101590,1648,1717,4712,5888,3815,3939,2920,1317,407,5417,2567,2018,1624,7542.423,19631.19,26,39,0,431,3,5,17,39,6,0,54375491
송파2동,11710590,143584,1714,2253,3184,3147,3300,3627,2592,997,387,1438,1448,1757,2038,4346.557,25568.26,12,26,0,154,1,5,1,1,13,0,36501706
석촌동,11710600,107916,2135,2422,5688,7580,5519,5293,3727,1834,545,7744,3408,2592,2041,9005.593,19389.4,47,55,5,532,9,9,21,66,12,1,46560369
삼전동,11710610,119357,2155,2434,5417,7515,5655,4877,3338,1508,456,7831,3200,2518,2057,7475.084,12496.11,36,36,7,401,4,12,19,29,17,0,55322866
가락본동,11710620,97354,1866,2309,4518,5065,4376,5038,3148,1339,476,4112,2321,2282,2225,27024.8,20775.26,44,41,2,643,1,9,24,144,9,0,64876164
가락1동,11710631,44077,66,85,116,113,160,166,116,54,12,133,57,61,81,10710.59,26297.24,5,46,0,162,1,0,0,1,0,2,2.74E+08
가락2동,11710632,99824,2945,4033,5024,5283,6013,5584,3582,1455,563,2711,2362,2923,3347,7418.477,20864.59,19,47,0,301,8,8,6,32,13,2,50846676
문정1동,11710641,99403,1460,1807,3555,3768,3167,3824,2583,1047,349,2590,1780,1766,1775,6026.069,27834.29,20,31,0,206,1,6,7,25,9,1,62381164
문정2동,11710642,233411,1821,1844,5479,7942,4299,3523,3001,1364,551,7875,2750,1959,1857,42688.82,65729.81,69,72,0,745,6,3,5,8,4,0,55685046
장지동,11710646,86205,3036,3513,4960,5762,5663,5832,3806,1677,658,3565,3075,3007,2839,8573.074,44217.77,24,30,1,212,3,7,5,15,4,1,32461182
위례동,11710647,265931,5122,3366,3015,5731,5362,3245,1868,743,280,1065,1687,2332,2965,2234.636,20889.77,16,8,0,156,0,0,1,0,2,1,37598937
잠실본동,11710650,134629,1671,2189,5063,6432,4835,4462,3128,1431,471,7233,2818,2106,1770,11744.2,14656.34,62,36,28,879,5,23,34,79,22,0,73602864
잠실2동,11710670,372406,4619,6091,3384,5073,9100,4269,2659,1377,383,1888,1807,3085,4376,2548.305,37729.75,24,16,0,116,0,0,1,0,0,0,1.16E+08
잠실3동,11710680,274458,3649,4059,4439,5459,6325,5380,4467,2069,605,2068,2482,3252,3723,5120.051,23123.08,18,36,0,234,0,0,1,1,2,1,23547860
잠실4동,11710690,284213,3961,2824,3231,5557,5283,4098,3340,1449,473,1757,2118,2871,2942,1924.019,10571.74,8,13,1,65,0,2,1,0,1,1,82171476
잠실6동,11710710,291690,1460,1782,2346,2680,2694,2815,2225,963,398,959,1282,1537,1645,169892.7,32969.84,30,27,0,400,0,0,4,2,6,2,57383964
잠실7동,11710720,160038,706,1200,1362,1231,1613,1625,1428,809,357,491,793,881,1035,588.4375,15259.17,2,10,0,21,0,0,1,0,2,1,2.03E+08
강일동,11740515,260066,3512,4479,4036,3999,6029,4885,3362,1905,817,2156,2433,2220,2986,10078.55,43267.63,23,20,0,99,1,2,3,2,3,0,39822235
상일동,11740520,80149,669,1307,1553,1368,1748,2138,1479,606,220,1137,884,917,959,5430.105,27578.9,11,26,0,177,3,5,4,10,1,1,39206665
명일1동,11740530,105643,1673,2651,2959,3131,3846,3679,2829,1190,444,1992,1599,1939,2066,3258.642,35432.57,18,27,2,364,0,8,15,27,10,2,62627353
명일2동,11740540,103153,1209,2758,2428,1925,3246,3123,2182,770,326,982,1013,1314,2036,2601.564,26544.61,17,15,1,209,3,12,9,7,16,0,35802597
고덕1동,11740550,74613,3469,3330,2982,4686,5139,3882,2484,993,427,1524,1667,2236,2908,1439.122,27941.57,9,20,0,102,0,1,4,4,2,1,38497159
고덕2동,11740560,99824,334,633,1109,954,1191,1652,1239,580,267,1507,793,608,479,1272.892,11974.28,6,20,0,101,0,2,3,5,0,0,58020890
암사1동,11740570,116120,2700,3209,5214,6273,6137,6514,4719,2362,783,6079,3617,3140,2718,3366.542,31554.36,34,41,8,353,4,11,10,29,4,1,49705019
암사2동,11740580,113140,1387,1138,1996,2748,2409,2267,1672,858,264,1783,1290,1275,1242,1292.17,22741.88,10,17,2,155,3,3,3,6,5,0,45905884
암사3동,11740590,91580,2164,2088,2148,2919,3438,2787,2144,925,291,1018,1239,1628,1855,1628.047,38051.26,7,19,0,61,1,0,0,1,3,0,1.01E+08
천호1동,11740600,98646,1787,2307,4153,4693,4498,5305,4020,2065,637,5018,2917,2478,1920,2855.605,35245.55,24,42,0,253,1,8,7,9,4,0,40378473
천호2동,11740610,101158,2131,2321,5118,6633,5682,6750,4724,2560,783,8182,3796,2842,2115,6544.16,16510.15,51,65,69,709,6,9,21,47,2,0,52537860
천호3동,11740620,105651,1744,1698,4152,5213,4218,4986,3853,1911,596,6134,2855,2194,1666,5887.716,12683.31,30,57,13,353,0,7,11,18,0,0,51282602
성내1동,11740640,96383,1774,1978,2859,3614,3600,3205,2480,1113,388,2276,1812,1821,1735,17010.56,42377.79,26,20,0,373,4,1,9,12,1,1,42181131
성내2동,11740650,111401,1474,1505,3886,4843,3934,4628,3335,1746,522,5791,2728,1966,1435,4017.005,11349.03,25,38,2,424,3,10,14,30,5,2,75887299
성내3동,11740660,103780,1578,2211,3625,3981,3970,4092,2865,1499,433,3670,2161,2027,1834,6516.349,4499.042,35,33,2,580,3,21,25,37,6,1,53451279
길동,11740685,118674,3294,3772,7467,8367,7606,8486,6518,2915,968,7785,4470,4046,3510,14206.11,27988.24,65,79,46,746,6,20,24,47,8,1,50669299
둔촌1동,11740690,107111,10,12,47,46,63,53,69,36,11,140,24,14,16,330.1603,19411.69,3,10,0,5,0,0,0,0,0,0,0
둔촌2동,11740700,88007,2231,2763,4141,4348,4476,4904,3600,1537,557,3327,2298,2374,2467,4157.61,7252.418,23,28,5,277,3,8,10,18,7,0,50568142