code,profitscore,stablescore,profit2018,profit2019,profit2020,expectedprofit2020,survive2018,survive2019,survive2020,expectedsurvive2020
11110515,9.196557133,10.626034,74717455,58056517,32006332,38042503.47,90.9,100,91.7,99.69962
11110530,9.964029543,9.547584,82239199,48355905,44629471,50471128.12,96.2,96.3,96.7,98.62607
11110540,9.083888499,10.921365,72501266,35726802,20644838,36217921.7,100,66.7,100,99.993614
11110550,9.819515079,10.711152,50518431,46730211,36622411,48130827.67,100,100,91.7,99.784355
11110560,8.643097829,10.731776,21683974,18922506,24478622,29079656.26,100,100,100,99.804886
11110570,15.96270828,10.854273,282000000,175000000,159000000,147615110.7,100,100,100,99.92683
11110580,9.823165445,10.439081,18078925,16375300,15189186,48189942.54,100,93.3,100,99.51352
11110600,9.870837709,10.820481,62993164,46870888,46916698,48961958.14,100,100,100,99.89319
11110615,9.894026433,5.2639647,65246898,51234956,44199419,49337481.66,96.2,96.4,91.5,94.36189
11110630,10.39689354,9.701503,60300882,54911801,54752791,57481027.28,96,96.2,100,98.77929
11110640,14.92665084,10.344919,135000000,122000000,150000000,130836958.3,88.9,100,94.7,99.419785
11110650,9.042459779,8.933437,46167608,34424043,30640744,35547015.48,100,100,100,98.01471
11110670,10.56449017,10.914636,67553378,59940757,64242900,60195125.52,100,100,100,99.986916
11110680,10.69374815,11.007725,86576723,58587808,61860647,62288359.02,100,100,100,100.07958
11110690,8.693208746,10.981146,54519959,61788073,12048044,29891163.96,100,100,100,100.05312
11110700,10.62779218,10.898541,81415561,67737708,63671322,61220252.84,100,100,100,99.970894
11110710,10.62840312,9.8827,65861194,55499124,63447943,61230146.56,100,96.3,100,98.95966
11110,0,0,66131506.89,53100653.49,49730464.06,61984230.16,97.29939577,97.12247839,95.98443804,99.22752
11140520,10.7490642,8.773255,76910347,60376099,53499882,63184159.84,98.1,98,100,97.855255
11140540,9.82562038,8.044828,63988517,52264589,31178842,48229698.32,95.3,97.8,91.7,97.130135
11140550,10.84988771,6.6512275,74186210,68759841,48529243,64816918.98,90.9,98.8,100,95.74286
11140570,9.695750725,9.481863,75734321,47776249,39023219,46126559.26,100,96.9,100,98.560646
11140580,9.22718014,10.278003,59902075,48751219,34236275,38538419.48,100,94.1,81.2,99.35317
11140590,10.76725733,8.428299,76746925,63958695,46045293,63478783.56,95.7,100,98.2,97.51186
11140605,9.529590545,9.314186,51832757,51038574,40839318,43435723.1,93.5,96.6,97.1,98.39373
11140615,10.57174174,9.530324,60394851,50838733,55381230,60312559.16,97.4,94.1,96.9,98.60889
11140625,9.620349045,10.268606,78461799,55521349,36943084,44905487.12,93.7,88.2,100,99.34382
11140635,9.762881577,10.461369,62816550,34386407,50351495,47213691.72,100,100,100,99.535706
11140645,11.20874583,10.989239,63489359,75200311,77566455,70628349.9,85.7,83.3,100,100.06118
11140650,10.0543685,10.916552,81474640,63726698,50151971,51934098.02,85.7,100,85.7,99.98882
11140665,9.83556493,10.787426,40036474,39639834,49268261,48390742.64,92.3,100,100,99.86028
11140670,11.22426185,10.650237,87215483,80646247,66455474,70879619.88,100,92.3,100,99.72372
11140680,9.114025643,10.586609,41288743,38811975,35637841,36705969.55,92.9,100,100,99.66038
11140,0,0,68506413.12,57454297.1,45386354.25,74523540.82,95.1337963,97.18079625,97.34288889,98.75536
11170510,9.775952206,10.41841,57597457,37253645,44619103,47425360.48,100,94.1,100,99.49294
11170520,8.56133049,10.154234,33918425,19921019,16518912,27755497.16,94.1,94.4,100,99.229965
11170530,9.805603214,9.200189,64131041,37026882,42827723,47905535.72,100,100,97,98.28025
11170555,9.647226234,9.954176,65837384,46916145,42032788,45340742.5,96.4,92.6,92.6,99.030815
11170560,10.21244004,10.484545,72469145,49413041,53390330,54493944.78,100,95.2,100,99.55878
11170570,10.08599835,10.552028,57211911,60163168,55655841,52446319.09,100,93.3,93.3,99.62595
11170580,10.07917423,10.766388,55540082,52213771,35912843,52335807.7,90,100,100,99.83934
11170590,8.678232778,10.682694,30214018,25756737,21991442,29648639.7,85.7,100,100,99.75603
11170625,10.85877914,8.570131,99934004,93487189,63867253,64960908.8,93.5,97.8,97.9,97.65305
11170630,9.526975624,10.652069,74653804,41459226,42450245,43393376.47,100,100,100,99.72554
11170640,11.69693907,10.928086,65880495,84565506,85694440,78534263.38,100,100,100,100.000305
11170650,11.26973213,9.918131,108000000,98282185,59929899,71615975.96,100,96,100,98.994934
11170660,10.26983733,10.783379,93592090,67588808,76459724,55423449.66,86.7,92.9,100,99.856255
11170685,10.77577435,10.08354,90797206,73013155,64423436,63616710.16,100,100,100,99.15959
11170690,9.963094096,10.789648,72299563,39585793,45095689,50455979.28,100,100,100,99.862495
11170700,11.82025137,10.7831955,72200848,67345273,93185622,80531211.16,90.9,100,100,99.85607
11170,0,0,75278389.55,59672998.79,52259915.29,49191404.82,96.61084746,96.88373702,98.35643564,99.37015
11200520,8.482045971,10.59763,46417981,20687061,15302530,26471545.43,100,100,90,99.67135
11200535,9.742403853,9.844655,49985042,50690539,44020071,46882070.74,100,90.6,96.4,98.92179
11200540,10.06977719,10.164688,74588530,58983771,57043998,52183629.76,92.9,100,100,99.24037
11200550,11.21264416,8.99029,85067398,113000000,57207452,70691480.28,97.1,100,97.1,98.071304
11200560,9.957535714,10.373307,48718586,48955365,46659716,50365965.56,88.9,100,100,99.448044
11200570,10.23242822,10.643784,51862070,51291781,55512354,54817637.97,100,100,100,99.71729
11200580,7.627200957,10.847612,6666667,6666667,0,12627988.75,100,100,100,99.9202
11200590,8.991208947,10.632203,40382745,6209688,14872903,34717047.73,90.9,75,88.9,99.705765
11200615,9.203518941,10.676333,70164679,33194624,31498366,38155244.58,100,100,100,99.749695
11200620,8.462018077,10.846953,15038580,11203197,14542557,26147209.11,100,100,100,99.91954
11200645,14.90847743,10.409313,81480033,80773150,175000000,130542653.9,100,63.6,100,99.48389
11200650,9.741761505,10.141803,74661891,52226851,41927823,46871668.41,100,100,100,99.21759
11200660,9.734215872,9.508489,51548788,42323574,43976311,46749472.7,100,93.1,100,98.58715
11200670,10.19063356,10.304237,68713476,54968109,51330766,54140805.72,100,95.7,95.5,99.37929
11200690,10.53822556,8.435059,67476364,53434899,63179364,59769790.44,100,92.5,98.2,97.51859
11200720,9.457138127,10.917004,67001447,53042630,41011283,42262412,100,100,100,99.98927
11200790,9.669050953,10.102501,50984445,42259641,44994326,45694177.02,94.4,93.3,100,99.17847
11200,0,0,61771834.32,54243271.79,52166276.06,44736089.54,98.15784615,94.53954984,98.11603774,99.277626
11215710,11.26347155,7.7944016,101000000,75762823,60226005,71514590.8,96.8,93.7,96.7,96.880844
11215730,9.291867313,9.725937,42107278,32746282,35202797,39585978.44,100,100,100,98.80361
11215740,11.57789435,10.553522,79262380,72541145,83985705,76606425.88,100,100,93.3,99.62744
11215750,9.610956449,10.05306,35192447,39841891,35672981,44753381.27,84.6,95.8,96.3,99.12925
11215760,10.74122458,10.281697,48675931,44741668,69082665,63057203.16,90,95,94.1,99.35685
11215770,9.099301438,10.3185005,39592054,35608315,34920187,36467522.38,92,90.9,95,99.393486
11215780,10.52784141,9.817929,41527628,42874406,33783080,59601627.12,90,100,95.2,98.89519
11215810,10.19770509,10.115867,67761771,37985825,51579789,54255323.61,92.9,96,95,99.19177
11215820,10.46242549,10.2316265,72560926,66151509,72106884,58542266.68,100,95.8,90.9,99.30701
11215830,9.712678538,10.322325,52464265,30948333,44863911,46400692.16,95.2,95.2,95,99.39729
11215840,10.28651546,9.825072,114000000,73645292,68310189,55693539.13,92.9,100,96.4,98.9023
11215847,10.76500036,10.098163,76593672,52167900,102000000,63442233.68,97,100,96.7,99.17415
11215850,9.988748094,9.985285,56779022,39247239,51413319,50871426.02,96.4,86.2,96.4,99.06178
11215860,10.18715515,10.411635,58195247,34423087,56957760,54084475.42,100,100,94.4,99.4862
11215870,10.13456987,9.628287,73109885,60640613,53026409,53232897.31,93.5,93.3,93.7,98.706406
11215,0,0,68227320.22,52159890.57,57021707.31,57816441.18,94.86136919,95.70530303,95.61159794,99.020905
11230536,10.31758177,8.426988,62042207,54372889,61628909,56196634.24,98.4,96.3,98,97.51056
11230545,9.778299001,9.409153,68994146,65668922,43903531,47463365.02,96.3,100,96.7,98.488266
11230560,9.42133129,9.831656,57522388,35902517,34583604,41682547.84,100,93.1,89.7,98.90885
11230570,9.310543657,10.450746,74310994,56197918,38319238,39888427.44,100,100,100,99.52513
11230600,9.544616614,9.741687,58958345,38097529,34899171,43679058.72,90.6,100,90.9,98.81929
11230610,9.659820584,10.52446,60871899,32777471,46352297,45544698.3,100,94.1,100,99.59851
11230650,10.54214064,8.737126,66197618,54965091,62552819,59833192.12,94.4,100,96.3,97.81929
11230660,10.07256405,9.444792,67883641,56865764,56861347,52228760.86,97.1,100,97.4,98.52374
11230705,9.546417419,10.32559,56329957,21632254,46437015,43708221.38,100,87.5,100,99.40054
11230710,10.95081151,9.653602,61175789,55311784,62387884,66451302.2,92,100,95.7,98.731606
11230720,10.97733674,9.992597,64325948,40104654,39397407,66880857.76,100,93.7,94.4,99.06906
11230730,10.08403047,10.357787,87485639,58560745,49230496,52414450.76,93.7,100,100,99.432594
11230740,10.37147482,9.125118,92601967,74197673,58004847,57069390.6,100,93.9,100,98.20552
11230750,9.124007301,10.307288,55881939,41790215,26836862,36867614.8,100,91.7,92.3,99.382324
11230,0,0,66820860.41,51481131.29,50325277.79,46759177.12,96.95406091,97.09261214,96.37720207,98.81538
11260520,8.630768337,10.1615305,39050107,19660466,25457421,28879989.62,95.2,95.2,100,99.23723
11260540,9.51605249,10.398008,57410857,41296743,31184826,43216484.73,100,100,100,99.47263
11260550,9.72582425,10.94261,29137686,33883656,18293788,46613576.84,100,83.3,100,100.01476
11260565,10.41796507,9.805238,73360264,61806498,63451141,57822264.4,100,100,96.7,98.88255
11260570,10.16826122,10.46353,75762724,74791589,92266590,53778502.92,94.1,100,100,99.53786
11260575,9.280879413,10.13876,59249315,44745322,41177967,39408037.86,100,100,95,99.21456
11260580,9.09289291,10.635691,37499442,24446068,28418951,36363741.2,100,100,92.9,99.709236
11260590,10.60348246,9.1480875,79346012,64119884,62500896,60826575.72,97.1,100,100,98.228386
11260600,8.633629648,10.189244,21751974,11536094,16273713,28926326.36,100,100,88.9,99.26482
11260610,10.09418332,10.167992,95204660,46066636,48189386,52578868.3,93.3,100,95,99.24366
11260620,9.272423371,10.092958,50932611,27959874,25849817,39271098.77,100,95.5,95.5,99.16897
11260630,8.969144072,10.428781,41653836,32780086,30059129,34359724.08,84.6,92.9,100,99.503265
11260655,10.64882846,9.404884,67943131,62864446,61550340,61560919.28,100,100,93.5,98.48402
11260660,9.797470111,10.686972,37268307,41509426,39763348,47773826.38,100,100,100,99.760284
11260680,8.769345158,10.357871,43758370,29027705,28496496,31124134.52,85,100,90,99.43268
11260690,9.548791387,10.587321,73737065,51781286,40604686,43746665.96,100,100,100,99.66109
11260,0,0,58340427.68,44052423.94,44559840.25,41355996.2,96.94831081,98.67748344,96.46720257,99.301
11290525,9.610155333,10.473532,33522341,44527758,43178677,44740407.8,94.4,100,100,99.54781
11290555,9.922087791,9.305924,53740643,38182336,47024499,49791913.74,94.4,97.2,100,98.385506
11290575,9.426455389,9.348912,56742466,39791672,35996911,41765528.68,95.1,95.2,97.3,98.4283
11290580,8.542964662,10.897469,26051017,11124681,10356696,27458076.73,100,100,100,99.969826
11290590,8.70057084,10.97995,43410743,20057909,26368464,30010387.41,100,80,80,100.05193
11290600,10.10053572,8.612338,60155861,51375222,38566944,52681740.46,93.9,93.9,100,97.69507
11290610,9.03748188,10.29025,45184213,25901116,29779052,35466402.24,100,94.4,94.1,99.365364
11290620,9.87234758,10.251753,135000000,111000000,45237688,48986409.34,81.8,100,100,99.32704
11290630,9.140142592,10.329498,51955946,40940917,31189796,37128913.42,100,92.9,100,99.404434
11290640,9.858856289,10.449351,89724124,62812309,44078084,48767928.26,100,93.3,100,99.52374
11290650,9.800504745,10.231673,73582733,65854507,54811950,47822969.94,100,93.3,100,99.30705
11290660,8.410948137,10.811752,189000000,33422962,14791038,25320170.77,83.3,100,100,99.8845
11290685,9.742110124,10.777532,70482544,112000000,93767196,46877314.03,85.7,100,100,99.85043
11290705,9.847651363,9.520851,62165481,65717992,51000855,48586473.12,89.3,100,100,98.59946
11290715,9.389862672,10.644734,45799094,26840574,36652924,41172937.8,100,100,76.9,99.71824
11290725,9.064899198,9.829595,56801081,38112252,29238883,35910404.6,92,95.7,91.7,98.9068
11290760,10.31447836,10.728818,70864825,61299368,61364084,56146376.88,100,100,100,99.80194
11290770,10.329055,10.778888,52152471,36981070,63039538,56382434.33,90.9,100,100,99.85178
11290780,8.864714659,10.841335,76146306,61744823,24601997,32668570.15,100,66.7,100,99.91395
11290810,9.885906922,10.188079,65595667,48700169,52163454,49205992.44,91.7,92.6,95.7,99.26366
11290,0,0,62022656.83,48405855.16,42037935.1,47533765.88,94.45540166,95.7952381,97.4758427,99.33984
11305534,8.614731018,10.216704,33872968,24351191,25767945,28620277.6,100,92.3,100,99.29215
11305535,9.579581871,9.557815,48664661,20119900,40868505,44245294.14,100,97.1,96.9,98.63625
11305545,9.840704501,9.8020115,67839638,41825233,47138367,48473974.04,92,96.2,100,98.87934
11305555,9.397003715,10.197498,46934575,47183262,40836763,41288581.5,96.3,96.2,87,99.27303
11305575,9.623292441,10.737034,83953971,65892797,41722055,44953153.15,100,100,77.8,99.81012
11305590,10.68426652,9.869808,70418436,66693066,62346889,62134811.32,93.9,93.9,93.3,98.94683
11305600,9.699737614,10.967665,49983180,51679925,41826748,46191123.86,100,100,100,100.0397
11305606,10.13142019,10.717306,81271045,56057730,54220023,53181890.7,87.5,100,100,99.79048
11305610,9.758116119,9.976463,64579913,47471404,46676774,47136518.8,94.7,100,95.7,99.053
11305620,9.749782417,10.2175865,50180127,40700592,50379957,47001560.9,100,94.7,88.2,99.29303
11305630,10.04266654,9.375415,74710866,54233706,55166706,51744593.8,97,97.1,100,98.45468
11305645,9.760027068,9.985852,84864169,39903200,34403649,47167465.14,100,89.5,100,99.06235
11305660,9.073645536,9.894732,37846162,29923208,30766683,36052044.8,100,85.2,96.3,98.97164
11305,0,0,59620150.7,43755170.21,45269963.89,40830440.3,97.00037453,94.87582418,95.59411765,99.19251
11320511,9.485256222,10.436851,82524399,58686748,93716003,42717762.88,100,100,86.7,99.5113
11320512,9.756604191,10.263165,63040542,46864923,52561478,47112034.29,100,100,95.5,99.3384
11320513,8.865116499,10.539152,31772557,34056963,24032017,32675077.64,90.9,100,100,99.61314
11320514,9.743086157,10.4162035,59789489,37873417,44288387,46893120.13,94.1,100,100,99.490746
11320515,10.27329698,10.279628,89857658,69214906,60776532,55479476.16,100,100,94.7,99.35479
11320521,9.71734477,10.199491,61962294,68911497,70912623,46476258.2,100,90,100,99.27502
11320522,8.245946348,10.148678,31337536,15328720,19615930,22648093.86,92.3,92.9,100,99.224434
11320660,9.889552154,10.4194145,58834495,43898218,48306808,49265024.16,94.4,94.1,100,99.49394
11320670,9.890006332,10.637231,57167541,50070186,53082060,49272379.23,71.4,83.3,100,99.71077
11320680,8.990164615,10.536509,45824107,36744046,25366072,34700135.58,100,100,100,99.610504
11320681,10.04474398,10.8475895,75750321,72693518,56803029,51778236.25,100,100,100,99.92017
11320690,11.59472877,9.858826,98309480,83781119,88534446,76879046.29,100,100,100,98.9359
11320700,10.05907019,10.534998,88851541,71740883,54067449,52010238.14,91.7,100,100,99.609
11320710,9.983798303,10.751466,73209271,55593235,50847544,50791267.96,100,100,100,99.824486
11320,0,0,67059813.49,54759292.73,55441799.86,38463458.82,95.88447489,97.27227273,98.27931035,99.49376
11350560,9.152983599,9.282648,48718168,34273160,34068342,37336863.64,100,97.3,97,98.362335
11350570,8.53506267,10.32106,37449910,29725094,18417152,27330110.05,100,100,100,99.396034
11350580,9.597548513,10.548801,52182379,11530139,16012427,44536250.07,100,100,100,99.62274
11350595,9.321650714,8.7359085,46035129,32965257,35403216,40068297.68,97.9,95.6,100,97.81808
11350600,9.848829138,9.135527,66374872,49612349,29400680,48605546.28,92.7,97.3,97.4,98.21588
11350611,9.943652201,10.1814575,56591822,50329286,47424127,50141132.76,100,100,95,99.257065
11350612,8.344332479,10.893199,28263165,0,0,24241381.49,100,100,100,99.965576
11350619,10.6987074,10.545858,68108330,69943707,57789384,62368670.26,100,91.7,100,99.61981
11350621,10.22627788,10.590908,63248320,59054801,36937802,54718037.96,100,100,92.3,99.66466
11350624,9.534081368,10.638886,54384989,26345060,41389371,43508448.53,90.9,100,100,99.71242
11350625,12.20328737,10.616468,121000000,97267864,94748961,86734184.18,100,100,100,99.6901
11350630,10.03794328,10.012746,54091082,45546957,57404346,51668104.16,85.2,100,96,99.08912
11350640,11.7979025,9.590074,130000000,58431331,86706050,80169288.4,96,84.4,100,98.668365
11350665,9.079433666,10.2819195,43406546,22229858,30968757,36145779.12,93.3,93.7,100,99.35707
11350670,8.913748334,10.258613,45182682,39684490,27928994,33462632.76,91.7,92.3,100,99.33387
11350695,10.26537248,9.9270525,73827405,48031698,55689127,55351145,92.9,100,96.4,99.003815
11350700,9.94366691,10.7858925,88389112,87703938,30533888,50141370.97,100,100,80,99.85876
11350710,9.199842215,10.895958,63105192,23536522,14280563,38095702.84,100,88.9,100,99.96832
11350720,8.114050552,11.02067,32735135,11377287,9079070,20512143.02,100,100,100,100.09247
11350,0,0,62180063.72,42786446.63,42348536.57,41878463.78,96.00371429,96.34535211,98.03735955,99.29981
11380510,9.586690474,9.4049835,54243217,36587857,44548866,44360412.48,100,100,96.8,98.484116
11380520,9.361416001,10.413115,46448386,28191275,31842571,40712265.88,84.6,100,78.6,99.48767
11380530,9.831830817,9.666209,65003032,60170676,49211422,48330271.56,100,100,93.1,98.744156
11380551,9.536252748,10.308498,55514444,42350938,51703900,43543612.36,95.2,100,90,99.38353
11380552,9.516505391,9.685117,41367419,35142765,39718673,43223819.11,94.1,100,100,98.76298
11380560,9.733936487,9.888556,59621074,55099619,47561115,46744948.28,100,95.5,95.7,98.96549
11380570,9.874332953,9.335393,74305258,56196452,49000191,49018560.92,93.9,97.1,91.7,98.41484
11380580,10.34978663,10.258099,68752411,52472021,65676956,56718167.14,96.3,96,96,99.33336
11380590,10.72261178,11.078672,10179624,9294491,7373322,62755783.23,75,100,100,100.15021
11380600,10.49505792,9.52794,91070231,73576518,74216029,59070723.7,92.9,100,94.1,98.606514
11380625,10.02767434,9.335991,59876717,54735984,53787856,51501806.6,95.1,100,97.6,98.415436
11380631,9.614719515,10.278478,76134577,53343708,56673734,44814321.22,90,95,94.7,99.353645
11380632,9.860035291,10.59763,48263820,41932579,49395933,48787021.3,100,91.7,90,99.67135
11380640,9.957970475,10.501652,62634102,42243338,66736636,50373006.19,100,86.7,91.7,99.575806
11380650,8.849365646,11.01578,45243343,0,0,32420004.7,100,100,100,100.0876
11380690,8.547715171,9.093404,38880534,9722996,20300684,27535007.56,96.9,97.1,100,98.17395
11380,0,0,59915608.46,45869165.28,48365171.56,44495551.01,95.51344538,97.78467967,94.92433155,99.10066
11410520,8.786889334,10.570882,54699441,36500953,23695560,31408248.94,100,100,100,99.64472
11410555,9.208835287,10.9511175,42321069,43464554,26678364,38241338.71,100,100,100,100.02323
11410565,10.29978142,9.396055,74505272,67365831,59060668,55908371.18,92.6,100,96.9,98.47523
11410585,10.00440332,6.080844,77828048,61366343,44665684,51124950.4,97.6,94,100,95.175064
11410615,10.81000178,9.100815,83372158,68446332,59309545,64170997.04,97.3,94.9,97.6,98.18133
11410620,9.389582501,10.315641,63044336,33462256,34566448,41168400.66,100,100,100,99.39064
11410640,9.861673765,10.502387,91872039,72014712,44689870,48813555.12,90.9,100,100,99.57654
11410655,10.52490898,10.790154,75391002,48817910,50828632,59554138.73,100,100,100,99.863
11410660,8.515106358,10.60137,62340083,54911113,14887698,27006932.94,100,100,100,99.67507
11410685,9.107656998,10.142462,53458376,44483260,34528665,36602834.24,100,100,100,99.21825
11410690,8.311682624,10.602543,60666779,53801825,8602820,23712642.23,100,100,88.9,99.67624
11410700,9.837264379,10.030089,38899856,24177362,29745752,48418263.92,100,100,95.7,99.106384
11410710,9.557773754,10.856273,75127729,62491147,43071419,43892128.47,90,100,100,99.92882
11410720,9.712805873,9.848808,55114688,45187151,73624124,46402754.26,96.9,96.8,90.3,98.92593
11410,0,0,68259860.86,54085410.29,44975581.53,49966106.56,97.29319728,97.42090032,97.86165644,99.06146
11440555,10.59759797,9.935223,63541429,47779367,33754418,60731280.89,95.5,95.7,96,99.01195
11440565,8.897199655,9.918269,48559722,36009669,29574652,33194639.64,93.3,100,96.4,98.99507
11440585,9.897806851,10.111644,67191914,51462195,46339504,49398702.62,100,100,95.8,99.18757
11440590,9.810628146,9.787135,47644461,50954476,43825046,47986910.63,96.6,100,100,98.86453
11440600,10.27441064,8.700361,72922446,58834111,54872766,55497510.96,95.1,97.5,95,97.78269
11440610,9.913435232,10.634273,49842795,45335422,49188461,49651792.22,100,90,100,99.707825
11440630,9.966112664,10.474497,71459455,50850414,64053203,50504862.66,100,100,88.2,99.548775
11440655,10.52613836,9.0656595,71504625,61457079,58523844,59574047.59,92.7,100,97.1,98.14633
11440660,11.62738732,4.8464737,90178696,59889367,51572967,77407926.32,93.9,96,96,93.9463
11440680,10.67083643,9.647356,78262960,66367006,63423430,61917321.32,96.6,89.3,96.6,98.72539
11440690,10.84082017,10.054891,64886048,44234513,54643402,64670077.12,100,100,100,99.13107
11440700,10.36915821,10.438138,53377675,54430556,58957043,57031874.84,100,100,94.4,99.51258
11440710,10.24489369,10.030396,57812942,46937921,55341606,55019506.74,96.2,96.2,96,99.10669
11440720,9.911158908,9.987645,43071951,41250407,47339793,49614928.9,96.8,96.4,92.9,99.06413
11440730,9.840899884,9.162229,62391219,54068521,49690152,48477138.12,90,96.9,100,98.24246
11440740,10.64305131,8.636419,73776171,59304156,60116673,61467362.81,98.1,98.1,94.1,97.71904
11440,0,0,69686349.63,54250219.69,51674452.57,63749324.71,95.67333333,97.24861879,96.13278085,98.543274
11470510,10.94500641,9.265311,67452083,55840828,62554291,66357293.06,94.4,100,97.1,98.34508
11470520,9.104300919,9.951317,41716898,22160352,33981282,36548485.12,96,92.9,92.6,99.02797
11470530,10.88762966,10.233895,63108875,68391585,70285238,65428120.8,100,100,100,99.309265
11470540,8.941328989,10.282808,33278909,30401312,31072473,33909280.22,95.2,95,100,99.357956
11470550,11.11080642,10.252419,95751179,69847603,73467752,69042296.47,94.7,84.2,94.7,99.327705
11470560,10.65696432,10.597883,64933586,55061086,65513343,61692673.14,100,100,92.9,99.6716
11470570,9.484011784,10.768173,38059445,25549163,40564792,42697610.18,100,88.9,88.9,99.84112
11470580,10.29778095,10.700208,70632101,65416499,55192541,55875975.16,100,100,100,99.77346
11470590,9.505647795,10.522927,50342883,34014228,47269290,43047988.71,93.3,100,93.7,99.596985
11470600,8.946180178,10.472214,43557685,28317845,30514481,33987841.5,93.7,100,94.7,99.5465
11470610,8.802240896,11.156602,43407520,55843103,23822591,31656855.66,100,100,100,100.22778
11470611,9.255070213,10.46891,45306961,34732442,33731568,38990077.73,100,92.3,100,99.54321
11470620,10.2872508,10.7761135,75428266,70217374,69075696,55705447.46,100,100,100,99.84902
11470630,9.633390515,10.652284,37337906,36494489,32513120,45116683.68,91.7,100,100,99.72575
11470640,9.451175959,10.097933,61025285,33136879,32659935,42165859.27,94.7,100,100,99.17392
11470650,9.975311149,9.13909,44326945,31844735,43320807,50653825.04,95.8,90.7,97.6,98.21943
11470670,9.207596441,10.683201,61517015,50649019,28457197,38221276.56,100,100,100,99.75653
11470680,9.612397939,10.81084,70766365,51433708,68970693,44776725.08,90.9,90.9,77.8,99.88359
11470,0,0,55469147.52,43314414.81,46736685.85,51655586.98,96.18227848,95.88924051,96.53018868,99.45427
11500510,9.794291279,9.71943,94534858,67360478,39713576,47722347.65,92,96.3,100,98.797134
11500520,10.58932656,9.4743595,77676754,52050277,65938426,60597331.8,100,97.1,94.4,98.55318
11500530,9.695375411,10.924232,59102792,51912639,37957485,46120481.34,100,100,88.9,99.99647
11500535,10.24213347,9.9082985,65367007,52429802,49882757,54974807.1,100,89.3,96.3,98.985146
11500540,11.36571342,8.270493,79815032,68396263,76108776,73170319.04,98.3,96.6,98.3,97.354774
11500550,8.763101304,10.7023,26794756,30963443,25063119,31023020.12,100,90.9,100,99.77554
11500560,10.20364915,10.64104,65083674,46016365,59049010,54351583.06,100,100,100,99.71456
11500570,10.30615399,10.495857,65061840,52514098,51800332,56011570.12,100,94.1,100,99.57004
11500590,9.853149524,9.9401655,56136461,42786511,47558069,48675511.6,100,100,96.4,99.01687
11500591,10.49503138,9.765514,55462279,55735798,58238352,59070293.88,100,96.9,96.8,98.84301
11500593,9.9609424,10.278302,52992063,39486329,46124899,50421134.22,100,100,100,99.35347
11500603,9.934118699,6.9073105,47943923,41907841,46038461,49986745.04,94.3,90.2,98.8,95.99778
11500604,15.40395614,10.755911,244000000,126000000,175000000,138566550.1,100,100,100,99.82891
11500605,9.124870569,10.820888,38690104,0,14089936,36881594.77,100,100,100,99.89359
11500611,8.842923764,9.218859,46830484,26393159,16229005,32315683.38,95.8,97.1,93,98.298836
11500615,11.17227708,10.034374,66505203,30573851,81566284,70037766.56,96.7,96.3,95.8,99.11065
11500620,9.692097309,8.560314,66673375,47852661,35160226,46067395,100,91.1,100,97.64328
11500630,10.27850997,9.365513,80479599,66814701,70175375,55563896.44,97.2,93.7,100,98.444824
11500640,8.943543753,9.746837,34351188,32169598,26554631,33945146.62,96.3,96.3,96.3,98.82442
11500641,9.248336963,10.080573,39912508,37350437,38141793,38881037.94,100,100,100,99.15664
11500,0,0,63234614.16,48316185.07,50495777.03,47835309.9,97.81313869,95.15788531,97.71573427,98.857956
11530510,10.26258328,9.234869,77388531,54291421,37987060,55305976.03,96.8,96.8,100,98.31477
11530520,8.937772985,10.758309,26746919,13458139,28308939,33851693.48,90.9,100,100,99.8313
11530530,9.683937533,10.713389,61497659,39807228,43460413,45935253.72,100,100,100,99.78658
11530540,10.75426827,7.882026,73845419,62954825,56430632,63268435.8,97.2,97.2,97.1,96.96807
11530550,9.584323834,10.86475,68968475,41306153,43654492,44322086.57,100,100,100,99.937256
11530560,10.82019608,10.153046,79571562,67861080,68505761,64336085.92,100,100,100,99.22878
11530595,10.95181145,11.349509,66118298,60110278,70971252,66467495.36,94.1,85.7,100,100.419815
11530720,9.754826716,10.530982,124000000,73790030,47080460,47083249.45,91.7,93.3,92.9,99.605
11530730,9.078054089,10.106709,35462568,30915532,31038094,36123437.92,95.7,100,100,99.182655
11530740,9.209303926,10.14778,52201673,39389970,33739626,38248927.96,95.2,95.2,95.5,99.22354
11530750,9.127183084,10.680579,73556473,46919192,30960256,36919044.16,100,100,91.7,99.75392
11530760,11.66766134,10.822911,54569392,38370648,104000000,78060133.06,100,100,77.8,99.89561
11530770,11.74346113,10.146624,103000000,98688549,90794113,79287652.28,100,95.7,100,99.22239
11530780,9.245423329,9.620462,55056094,37521698,26103492,38833853.88,96,86.7,97.1,98.698616
11530790,9.451172689,10.081892,60316783,41473180,37425132,42165806.32,100,100,100,99.15795
11530,0,0,69075170.6,52787790.06,48929082.92,48244336.9,97.48543417,96.66611111,97.84932249,99.28175
11545510,11.43804617,5.578625,77413002,61847935,74326888,74341692.34,96.2,96.4,99.2,94.675125
11545610,10.24054513,9.325468,66525245,55575097,57848167,54949085.12,97,97.6,100,98.40496
11545620,8.935403168,10.972271,46873366,32605303,24431952,33813316.11,92.9,100,100,100.04429
11545630,10.14926864,10.723376,78972911,56652809,51927398,53470932.58,94.1,100,95.7,99.796524
11545640,10.19890175,10.742001,55599357,51125119,52217085,54274702.6,84.6,100,100,99.81506
11545670,9.946474664,9.44686,55035845,36174270,42101264,50186840.37,94.9,92.7,95.2,98.5258
11545680,9.049251692,11.092399,76434633,46820317,21342160,35657005.29,100,100,100,100.16387
11545690,10.06973607,10.745732,58452970,49305887,58883880,52182963.9,100,88.9,100,99.81878
11545700,11.16070695,10.902734,98887392,68520676,78260756,69850397.22,90.9,91.7,100,99.97507
11545710,10.35013755,10.593507,76507807,67849329,60983634,56723849.88,100,91.7,100,99.667244
11545,0,0,70099910.29,54617774.13,60602667.6,53804086.34,95.32117647,96.06285714,98.68085809,99.08867
11560515,9.815098272,10.337285,62285094,46557359,35127721,48059300.88,87,90,100,99.412186
11560535,10.62373608,7.960553,53931990,56079076,38669992,61154567.52,98.6,91,98.5,97.04624
11560540,10.86036889,5.6183333,80805968,54434939,68299530,64986653.64,95.8,99,98.1,94.71465
11560550,10.94007281,9.361865,72642598,68698635,69775567,66277397.18,93.9,97,100,98.44119
11560560,10.58972091,9.224462,66802973,61349572,60732872,60603718.04,92.5,97.4,100,98.30441
11560585,9.996049919,11.097227,54897711,41730195,50881304,50989673.46,100,100,91.7,100.16868
11560605,10.19107128,9.009435,88865044,77481785,72672073,54147894.26,97.5,97.4,100,98.09036
11560610,9.980001047,10.182423,55036596,44228417,42759448,50729774.33,95,88.9,100,99.258026
11560620,8.786091641,9.316715,29682852,24689572,20637324,31395330.92,92.3,91.9,100,98.39625
11560630,9.992716153,10.551599,55755560,45550303,50767325,50935685.68,94.4,75,94.1,99.62553
11560650,9.33711502,10.7589,49757752,35364429,39736776,40318730.2,90,100,100,99.83189
11560660,9.958757787,11.193213,73570577,82076073,29272258,50385756.1,83.3,100,100,100.26423
11560670,8.292447432,11.1330805,23904630,14644316,13008608,23401143.1,100,100,100,100.20437
11560680,11.63413045,10.5261,104000000,88171837,87800400,77517126.2,100,100,100,99.60014
11560690,8.3817432,10.3952265,52407517,35705927,16583059,24847219.31,100,100,100,99.469864
11560700,10.20578119,11.01752,59051022,49413621,54484426,54386109.92,100,93.3,100,100.08933
11560710,10.45945014,11.333714,77244429,48414919,42385820,58494083.12,100,100,95,100.40409
11560720,10.76880285,10.287269,93676970,68132912,66999324,63503812.16,100,100,96.7,99.3624
11560,0,0,66856741.66,54620355.95,53298515.83,59339118.16,95.8469428,95.48418891,98.66773585,99.037994
11590510,10.1568519,9.058433,69664467,55422041,49794444,53593737.75,100,97.7,97.5,98.13914
11590520,10.65938454,10.511615,59273848,57553088,57756581,61731866.76,95.5,94.7,94.4,99.585724
11590530,11.0755234,8.2108345,85563504,76731905,64633821,68470915.16,97.9,93.7,98,97.29539
11590540,9.651423715,10.364677,45364900,40798454,44517034,45408717.48,90.9,94.7,100,99.43945
11590550,10.02788358,10.689324,49104746,41763163,55590963,51505195.06,100,91.7,100,99.76263
11590560,9.121314406,10.562022,45993057,43940557,35198602,36824005.44,100,92.9,92.9,99.6359
11590605,9.814281885,9.29616,75952356,50732573,44520289,48046080.12,100,96.4,96.6,98.375786
11590620,10.07642052,10.076289,55843880,53045285,48477888,52291213.4,90,96.4,96.3,99.152374
11590630,10.18932812,9.726205,41502331,18857144,56987626,54119665.11,100,85.2,100,98.80388
11590640,9.356799972,10.640404,39112200,27751957,37268264,40637512.84,92.3,100,100,99.71393
11590650,10.1411278,10.683461,39239063,37361375,51740000,53339097.96,100,88.9,88.9,99.75679
11590651,9.603083845,10.953072,56112305,69443463,43827968,44625890.5,100,100,88.9,100.02518
11590660,9.465312076,9.107521,54508653,40413518,39322820,42394782.8,91.7,97.2,97.2,98.188
11590670,9.17080872,10.82879,65767452,41607918,31185359,37625527.74,100,100,100,99.90146
11590680,10.70307833,9.777968,66951518,69217908,63583977,62439454.08,100,92.9,100,98.85541
11590,0,0,61134961.71,51144008.86,50688175.89,44770147.28,96.81162791,94.69882353,97.3627566,99.108734
11620525,9.093672251,10.475471,41224993,24395868,30572162,36376362.04,93.7,100,94.1,99.54974
11620545,11.39685499,11.003395,109000000,90845370,86117462,73674632.91,100,100,100,100.07527
11620565,9.997126886,10.838561,69902591,65243423,51278251,51007114.1,100,100,88.9,99.91119
11620575,9.579767135,9.784483,50959433,37166411,41533690,44248294.34,97.1,100,90.3,98.86189
11620585,10.47133346,9.889789,69252094,47211382,43513680,58686524.32,100,100,100,98.96672
11620595,11.08235453,8.983086,54935888,51006535,69142206,68581540.08,93,97.6,100,98.06413
11620605,10.27426715,10.117193,61942120,57479477,47855696,55495187.28,100,95.8,100,99.19309
11620615,10.23256987,10.132736,70954996,66967525,54300538,54819931.84,95,94.7,100,99.208565
11620625,10.52845669,10.034435,66230322,40883169,57539901,59611591.06,100,100,95.5,99.11071
11620630,11.59118426,10.215525,76561075,61293599,82018568,76821645.68,100,100,100,99.29098
11620645,10.70772904,10.090797,95251328,64880734,58465310,62514768.8,100,100,96.3,99.16682
11620655,11.14057586,10.898411,77780158,78108635,77052526,69524389.72,90,100,100,99.970764
11620665,10.20854005,10.261571,60213807,50271031,50000725,54430787.44,95.5,100,95.5,99.336815
11620685,10.89971466,10.402056,60928554,68248630,66507254,65623828.08,96.3,100,91.7,99.47666
11620695,11.80140856,9.285499,76886596,84535644,84735578,80226066.36,95.5,89.7,97.3,98.36517
11620715,11.33331612,11.145819,72696272,68644786,92881054,72645669.79,100,100,100,100.21705
11620725,9.471951594,10.290242,50428307,43485780,37691820,42502304.68,91.3,100,100,99.36536
11620735,9.235592673,9.036328,44896461,29604459,30671155,38674653.98,95.3,97.7,100,98.117134
11620745,8.794253537,10.691593,60162095,43582362,25540177,31527506.54,100,100,100,99.764885
11620765,9.365825263,10.157591,45006796,29408192,37691918,40783670.48,90.5,100,100,99.23331
11620775,9.204855571,10.306621,39418135,27230137,32854041,38176890.28,90.5,100,94.7,99.38166
11620,0,0,61971668.07,51066065.8,53283474.06,60453377.94,95.96305733,98.30968421,97.38867102,99.268
11650510,10.21604741,9.506603,72176627,60032255,53748768,54552363.33,91.4,91.2,97.1,98.58527
11650520,11.35888266,9.081977,85166789,68593992,78589052,73059700.12,95.5,100,100,98.162575
11650530,10.28141887,7.568799,65642910,61227717,57094747,55611003.84,96.5,95.1,98.7,96.656265
11650531,11.24940087,9.546909,96330336,106000000,81152718,71286726.99,97.3,100,91.4,98.6254
11650540,10.4113793,9.66601,84470324,90478832,103000000,57715612.95,97.3,87.5,96.4,98.74396
11650550,9.559460564,10.712685,35341248,22060329,40347565,43919445.07,100,100,85.7,99.78588
11650560,10.77390946,9.557854,72505271,59607436,64282744,63586509.76,92.9,96.6,96.3,98.63629
11650570,11.53690603,10.780252,125000000,38556660,89230406,75942651.5,100,85.7,100,99.85314
11650580,9.331455589,10.719299,24696334,25140160,17381379,40227080.08,100,100,100,99.792465
11650581,11.74672078,9.045548,175000000,280000000,61724316,79340439.92,100,97.5,100,98.12631
11650590,8.953741314,10.229481,37903682,38856373,30262889,34110288.27,87.5,95,100,99.30487
11650600,9.938102565,10.203691,78185832,57299614,50703861,50051260.68,94.1,100,100,99.2792
11650610,8.974644856,9.992642,40369486,23814036,27118370,34448805.04,100,88,100,99.06911
11650620,10.05942034,10.345563,71590642,51991201,50678969,52015908.68,100,100,100,99.420425
11650621,9.690721361,10.119056,52920947,44316465,42047511,46045112.58,100,100,95.5,99.19495
11650651,10.21144327,9.029124,61421578,58479916,57741770,54477802.87,100,97.8,90.7,98.10996
11650652,10.42639058,9.119148,49656431,49328578,63535584,57958709.04,100,91.3,97.7,98.19958
11650660,9.926061939,10.513409,24869447,19506004,34596868,49856272.02,100,92.3,100,99.58751
11650,0,0,74245042.41,75306604.22,59311081.14,59008415.8,97.13458781,95.44429658,97.30057915,98.84073
11680510,10.54486239,9.042353,63490563,54623856,60364935,59877268.83,94,93.2,92.9,98.12313
11680521,11.57409549,7.2011633,80451883,77653987,79161470,76544906.2,96.4,98.7,98.7,96.2903
11680531,11.21276201,7.4369593,66614871,59048123,68456754,70693388.84,97.4,94.8,93.2,96.525024
11680545,9.049521635,8.478376,36710837,32004295,32595676,35661376.81,94.6,96.5,100,97.561714
11680565,11.09666998,8.58507,78701016,65379803,71814794,68813367.76,100,98.2,90.7,97.66792
11680580,10.69318196,8.116059,77699116,70158173,44675155,62279190.06,96.5,94.5,89.7,97.20104
11680590,10.98001956,8.091971,79898284,61267138,67255870,66924304,94.5,96.1,94.2,97.17706
11680600,9.917336934,10.139741,45025997,40659295,49210076,49714977.28,91.3,100,100,99.21554
11680610,9.614070055,8.604513,55891642,42853404,53626165,44803803.71,98,100,95.7,97.68728
11680630,10.79387045,8.24091,70854879,65255135,62714421,63909762.48,93.9,91.8,98.4,97.325325
11680640,11.31231216,1.8215895,82172086,66624506,75839843,72305526.84,96.9,97.5,95.3,90.93514
11680650,11.63389773,8.627506,80665610,78340835,79132273,77513357.52,94.6,100,94.4,97.71017
11680655,10.50076459,9.844923,70970328,58673309,61823820,59163138.92,96.4,100,88.5,98.92206
11680656,8.917839311,9.625796,52267047,38399238,34718995,33528882.98,95.8,100,100,98.703926
11680660,10.80760118,11.113047,0,0,42212118,64132121.14,100,100,100,100.184425
11680670,9.830271034,10.249032,31478843,22336448,27168028,48305012.08,91.7,90.9,90,99.32433
11680690,9.711959588,9.966347,47358255,33291550,48950366,46389049.31,96.6,96.9,100,99.04293
11680700,8.812077795,10.383179,50424661,23094627,28306253,31816156.67,100,90.9,100,99.45787
11680720,16.19909609,10.519011,320000000,250000000,186000000,151443229.2,100,90,100,99.59309
11680730,10.03724777,10.651156,98481903,62769486,86462159,51656840.88,91.7,91.7,100,99.72463
11680740,9.986187058,10.677429,77839841,62103062,43140898,50829952.02,100,100,100,99.750786
11680750,11.79896195,10.071951,116000000,97188214,86926004,80186445.45,100,100,100,99.148056
11680,0,0,73582825.59,61730656.26,65021415.82,62533963.48,96.26377397,96.71844262,95.5743428,98.05781
11710510,9.870184824,11.048544,51980027,56826598,50751348,48951385.16,100,100,87.5,100.12022
11710520,10.4782796,10.344275,79850836,69056777,60724736,58799011.72,100,100,100,99.41914
11710531,9.192668482,10.581213,31661813,25314958,30966208,37979529.75,92.9,100,100,99.65501
11710532,9.536518638,10.726633,41565403,42475238,40935078,43547918.24,100,100,100,99.79977
11710540,9.300759099,10.450455,47899515,34498090,34949486,39729974.06,90.9,80,100,99.52484
11710550,9.844541362,10.683178,61346960,40603952,45013046,48536109.05,88.9,90,90.9,99.75651
11710561,9.716625059,10.101734,49691742,45251346,48958526,46464603.02,100,95.5,100,99.177704
11710562,11.49916276,9.278946,95377128,80389375,81609189,75331428.4,97.4,94.7,92.9,98.35865
11710566,9.388037303,10.401787,57351282,57436896,35959901,41143377.36,100,100,100,99.476395
11710570,8.699447673,9.212528,34235185,23423344,21827733,29992198.58,97.2,100,97.7,98.292534
11710580,10.13700352,9.903278,54375491,52780885,50722599,53272308.42,96.2,95.8,96.3,98.98015
11710590,9.208274379,10.54861,36501706,36294310,31916542,38232255.24,91.7,100,100,99.62255
11710600,9.769790781,8.978977,46560369,43040427,44254302,47325580.95,95.7,100,97.8,98.06004
11710610,10.19840262,9.506864,55322866,52432216,52684802,54266619.6,97.2,97.2,97.3,98.58553
11710620,10.44632579,9.317581,64876164,53983828,55154976,58281544.44,97.7,95.3,95.1,98.39711
11710631,11.54409395,10.350583,274000000,184000000,138000000,76059054.44,100,100,100,99.42542
11710632,9.78544878,9.940948,50846676,49211057,46345556,47579150.19,100,100,95,99.01765
11710641,11.25450883,10.468259,62381164,75540988,84171931,71369446.35,95,93.3,84.6,99.542564
11710642,10.18919438,7.779357,55685046,37666415,50628421,54117499.2,94.2,95.3,100,96.86587
11710646,8.898870328,10.002146,32461182,27723276,30816677,33221694.9,91.7,96,85,99.07857
11710647,8.531752628,10.445649,37598937,14681029,11478377,27276506.46,87.5,92.9,86.7,99.52006
11710650,10.90200222,8.598114,73602864,56952574,67297312,65660873.36,95.2,90.9,92.7,97.68091
11710670,11.58027589,10.08239,116000000,111000000,64293564,76644993.08,100,100,100,99.15845
11710680,9.744996935,10.112403,23547860,20792533,68742781,46924063.71,100,100,100,99.188324
11710690,9.556787057,10.79092,82171476,47024290,28155010,43876149.68,100,66.7,100,99.86376
11710710,9.33031455,9.828108,57383964,55584780,34620199,40208601.83,100,100,91.7,98.90532
11710720,9.660628492,11.01073,203000000,80829767,0,45557781.74,100,100,100,100.08257
11710,0,0,60325422.94,50871009.97,51191944.59,59395628.04,96.44195046,96.29405145,96.12220497,99.09465
11740515,8.110990738,10.058386,39822235,12591717,12238116,20462591.68,91.3,95.2,91.3,99.13455
11740520,11.0164082,11.0888195,39206665,44173407,30790351,67513590.02,90.9,100,100,100.16031
11740530,11.2538459,10.09345,62627353,57476246,81473046,71358710.82,100,94.4,100,99.16946
11740540,9.154266335,10.402937,35802597,29002557,27915027,37357636.56,100,94.4,100,99.47754
11740550,10.03563618,10.720295,38497159,43661778,44457299,51630742.48,100,100,100,99.79346
11740560,9.021651329,10.978019,58020890,41491029,23933742,35210038.67,100,100,100,100.05001
11740570,9.601953506,9.530332,49705019,40598638,45042372,44607585.54,100,96.9,100,98.608894
11740580,9.483683535,10.738536,45905884,43316667,41761763,42692294.43,90,100,90.9,99.811615
11740590,10.96887699,10.883971,101000000,75578443,74244264,66743858.69,100,100,100,99.95639
11740600,9.139987851,10.121171,40378473,36530692,31019632,37126407.5,100,100,96,99.19705
11740610,9.79939701,9.004139,52537860,44631042,44942307,47805031.04,92.2,93.7,98,98.08509
11740620,9.678363863,10.15441,51282602,33548246,42010396,45844992.42,96.7,96.6,100,99.23014
11740640,9.317888196,10.068518,42181131,32657224,42903500,40007366.59,88.5,91.3,81,99.14464
11740650,10.58836362,9.773738,75887299,62775537,62013040,60581737.7,88,96.2,100,98.8512
11740660,10.19312156,9.687148,53451279,50129366,48987217,54181096.96,97.1,90.3,90.3,98.765
11740685,9.941756017,8.386506,50669299,43496128,52442468,50110425.52,100,95.2,94.8,97.47026
11740690,8.059389713,11.020816,0,0,0,19626952.82,100,100,100,100.09261
11740700,9.664378007,10.511592,50568142,44515671,47691830,45618502.26,100,95.5,95,99.5857
11740,0,0,50700242.44,41943245.11,44230200.88,56790770.52,96.16906475,95.49172932,95.99122807,99.25466
11,0,0,65415602.42,53015248.11,51598172.78,56943684.98,96.35765906,96.40448668,96.92384719,99.0764
