"NM","CD","GUBUN","INCOME_SCTN_CD_1","TOT_HSHLD_CO_1","INCOME_SCTN_CD_2","TOT_HSHLD_CO_2","INCOME_SCTN_CD_3","TOT_HSHLD_CO_3"
"서울시 전체","11","si","7분위:2,983,559~3,741,082원","4207491","7분위:2,983,559~3,741,082원","4231225","7분위:2,983,559~3,741,082원","4252822"
"종로구","11110","gu","8분위:3,741,083~4,890,361원","73208","8분위:3,741,083~4,890,361원","73303","7분위:2,983,559~3,741,082원","73457"
"청운효자동","11110515","dong","8분위:3,741,083~4,890,361원","5556","8분위:3,741,083~4,890,361원","5395","8분위:3,741,083~4,890,361원","5345"
"사직동","11110530","dong","9분위:4,890,362~6,945,811원","4357","9분위:4,890,362~6,945,811원","4383","9분위:4,890,362~6,945,811원","4577"
"삼청동","11110540","dong","8분위:3,741,083~4,890,361원","1455","8분위:3,741,083~4,890,361원","1410","7분위:2,983,559~3,741,082원","1388"
"부암동","11110550","dong","8분위:3,741,083~4,890,361원","4441","7분위:2,983,559~3,741,082원","4318","7분위:2,983,559~3,741,082원","4268"
"평창동","11110560","dong","9분위:4,890,362~6,945,811원","7756","8분위:3,741,083~4,890,361원","7470","8분위:3,741,083~4,890,361원","7497"
"무악동","11110570","dong","9분위:4,890,362~6,945,811원","3124","9분위:4,890,362~6,945,811원","2999","9분위:4,890,362~6,945,811원","2986"
"교남동","11110580","dong","8분위:3,741,083~4,890,361원","3860","8분위:3,741,083~4,890,361원","4537","8분위:3,741,083~4,890,361원","4575"
"가회동","11110600","dong","7분위:2,983,559~3,741,082원","2122","7분위:2,983,559~3,741,082원","2059","7분위:2,983,559~3,741,082원","2060"
"종로1.2.3.4가동","11110615","dong","7분위:2,983,559~3,741,082원","5169","7분위:2,983,559~3,741,082원","5278","7분위:2,983,559~3,741,082원","5246"
"종로5.6가동","11110630","dong","6분위:2,440,600~2,983,558원","3082","6분위:2,440,600~2,983,558원","3150","6분위:2,440,600~2,983,558원","3235"
"이화동","11110640","dong","7분위:2,983,559~3,741,082원","4421","7분위:2,983,559~3,741,082원","4475","7분위:2,983,559~3,741,082원","4439"
"혜화동","11110650","dong","7분위:2,983,559~3,741,082원","8962","7분위:2,983,559~3,741,082원","9101","7분위:2,983,559~3,741,082원","9218"
"창신1동","11110670","dong","6분위:2,440,600~2,983,558원","3079","6분위:2,440,600~2,983,558원","3133","5분위:2,020,852~2,440,599원","2927"
"창신2동","11110680","dong","5분위:2,020,852~2,440,599원","4347","5분위:2,020,852~2,440,599원","4168","5분위:2,020,852~2,440,599원","4107"
"창신3동","11110690","dong","7분위:2,983,559~3,741,082원","2975","7분위:2,983,559~3,741,082원","2747","7분위:2,983,559~3,741,082원","2907"
"숭인1동","11110700","dong","7분위:2,983,559~3,741,082원","3097","7분위:2,983,559~3,741,082원","2597","6분위:2,440,600~2,983,558원","2946"
"숭인2동","11110710","dong","6분위:2,440,600~2,983,558원","5405","6분위:2,440,600~2,983,558원","6083","6분위:2,440,600~2,983,558원","5736"
"중구","11140","gu","7분위:2,983,559~3,741,082원","59394","7분위:2,983,559~3,741,082원","58403","7분위:2,983,559~3,741,082원","61567"
"소공동","11140520","dong","9분위:4,890,362~6,945,811원","558","9분위:4,890,362~6,945,811원","609","9분위:4,890,362~6,945,811원","1099"
"회현동","11140540","dong","8분위:3,741,083~4,890,361원","3333","8분위:3,741,083~4,890,361원","2932","8분위:3,741,083~4,890,361원","3145"
"명동","11140550","dong","8분위:3,741,083~4,890,361원","433","8분위:3,741,083~4,890,361원","1389","7분위:2,983,559~3,741,082원","1433"
"필동","11140570","dong","7분위:2,983,559~3,741,082원","2324","7분위:2,983,559~3,741,082원","2301","7분위:2,983,559~3,741,082원","2321"
"장충동","11140580","dong","7분위:2,983,559~3,741,082원","2664","7분위:2,983,559~3,741,082원","2632","6분위:2,440,600~2,983,558원","2651"
"광희동","11140590","dong","7분위:2,983,559~3,741,082원","2757","7분위:2,983,559~3,741,082원","2896","7분위:2,983,559~3,741,082원","2930"
"을지로동","11140605","dong","6분위:2,440,600~2,983,558원","1183","6분위:2,440,600~2,983,558원","1244","7분위:2,983,559~3,741,082원","1310"
"신당동","11140615","dong","6분위:2,440,600~2,983,558원","3781","6분위:2,440,600~2,983,558원","4025","6분위:2,440,600~2,983,558원","4394"
"다산동","11140625","dong","6분위:2,440,600~2,983,558원","7184","6분위:2,440,600~2,983,558원","6886","6분위:2,440,600~2,983,558원","6878"
"약수동","11140635","dong","8분위:3,741,083~4,890,361원","8325","8분위:3,741,083~4,890,361원","7777","8분위:3,741,083~4,890,361원","7792"
"청구동","11140645","dong","8분위:3,741,083~4,890,361원","6806","7분위:2,983,559~3,741,082원","6453","7분위:2,983,559~3,741,082원","6390"
"신당5동","11140650","dong","6분위:2,440,600~2,983,558원","4564","5분위:2,020,852~2,440,599원","4336","5분위:2,020,852~2,440,599원","4338"
"동화동","11140665","dong","8분위:3,741,083~4,890,361원","4790","8분위:3,741,083~4,890,361원","4348","8분위:3,741,083~4,890,361원","4311"
"황학동","11140670","dong","7분위:2,983,559~3,741,082원","6274","7분위:2,983,559~3,741,082원","6486","7분위:2,983,559~3,741,082원","6729"
"중림동","11140680","dong","8분위:3,741,083~4,890,361원","4418","8분위:3,741,083~4,890,361원","4089","8분위:3,741,083~4,890,361원","5846"
"용산구","11170","gu","8분위:3,741,083~4,890,361원","107093","8분위:3,741,083~4,890,361원","107029","8분위:3,741,083~4,890,361원","108940"
"후암동","11170510","dong","7분위:2,983,559~3,741,082원","8590","7분위:2,983,559~3,741,082원","8518","7분위:2,983,559~3,741,082원","8584"
"용산2가동","11170520","dong","6분위:2,440,600~2,983,558원","5489","6분위:2,440,600~2,983,558원","5345","6분위:2,440,600~2,983,558원","5398"
"남영동","11170530","dong","7분위:2,983,559~3,741,082원","5241","7분위:2,983,559~3,741,082원","5410","7분위:2,983,559~3,741,082원","5414"
"청파동","11170555","dong","6분위:2,440,600~2,983,558원","10599","6분위:2,440,600~2,983,558원","10610","6분위:2,440,600~2,983,558원","10706"
"원효로1동","11170560","dong","8분위:3,741,083~4,890,361원","6686","8분위:3,741,083~4,890,361원","6829","8분위:3,741,083~4,890,361원","7768"
"원효로2동","11170570","dong","8분위:3,741,083~4,890,361원","6150","8분위:3,741,083~4,890,361원","6040","8분위:3,741,083~4,890,361원","6009"
"효창동","11170580","dong","7분위:2,983,559~3,741,082원","3809","7분위:2,983,559~3,741,082원","3850","7분위:2,983,559~3,741,082원","3740"
"용문동","11170590","dong","7분위:2,983,559~3,741,082원","5397","7분위:2,983,559~3,741,082원","5509","7분위:2,983,559~3,741,082원","5418"
"한강로동","11170625","dong","9분위:4,890,362~6,945,811원","7916","9분위:4,890,362~6,945,811원","8257","9분위:4,890,362~6,945,811원","9217"
"이촌1동","11170630","dong","9분위:4,890,362~6,945,811원","10309","9분위:4,890,362~6,945,811원","10046","9분위:4,890,362~6,945,811원","10259"
"이촌2동","11170640","dong","8분위:3,741,083~4,890,361원","3908","7분위:2,983,559~3,741,082원","3828","7분위:2,983,559~3,741,082원","3859"
"이태원1동","11170650","dong","8분위:3,741,083~4,890,361원","3822","8분위:3,741,083~4,890,361원","3739","7분위:2,983,559~3,741,082원","3690"
"이태원2동","11170660","dong","7분위:2,983,559~3,741,082원","4807","7분위:2,983,559~3,741,082원","4949","7분위:2,983,559~3,741,082원","4877"
"한남동","11170685","dong","8분위:3,741,083~4,890,361원","11043","8분위:3,741,083~4,890,361원","11065","8분위:3,741,083~4,890,361원","11192"
"서빙고동","11170690","dong","8분위:3,741,083~4,890,361원","5460","8분위:3,741,083~4,890,361원","5237","8분위:3,741,083~4,890,361원","5265"
"보광동","11170700","dong","6분위:2,440,600~2,983,558원","7867","6분위:2,440,600~2,983,558원","7797","6분위:2,440,600~2,983,558원","7544"
"성동구","11200","gu","8분위:3,741,083~4,890,361원","131941","8분위:3,741,083~4,890,361원","136930","7분위:2,983,559~3,741,082원","135593"
"왕십리2동","11200520","dong","7분위:2,983,559~3,741,082원","6277","7분위:2,983,559~3,741,082원","7779","7분위:2,983,559~3,741,082원","7719"
"왕십리도선동","11200535","dong","8분위:3,741,083~4,890,361원","11070","8분위:3,741,083~4,890,361원","11321","8분위:3,741,083~4,890,361원","11679"
"마장동","11200540","dong","7분위:2,983,559~3,741,082원","10452","7분위:2,983,559~3,741,082원","10623","7분위:2,983,559~3,741,082원","10877"
"사근동","11200550","dong","7분위:2,983,559~3,741,082원","6247","7분위:2,983,559~3,741,082원","7174","7분위:2,983,559~3,741,082원","7426"
"행당1동","11200560","dong","7분위:2,983,559~3,741,082원","6225","7분위:2,983,559~3,741,082원","7735","8분위:3,741,083~4,890,361원","7161"
"행당2동","11200570","dong","8분위:3,741,083~4,890,361원","9408","8분위:3,741,083~4,890,361원","9494","8분위:3,741,083~4,890,361원","9454"
"응봉동","11200580","dong","8분위:3,741,083~4,890,361원","6392","8분위:3,741,083~4,890,361원","6217","8분위:3,741,083~4,890,361원","6180"
"금호1가동","11200590","dong","7분위:2,983,559~3,741,082원","5504","7분위:2,983,559~3,741,082원","6601","8분위:3,741,083~4,890,361원","6619"
"금호2.3가동","11200615","dong","8분위:3,741,083~4,890,361원","10393","8분위:3,741,083~4,890,361원","10327","8분위:3,741,083~4,890,361원","10323"
"금호4가동","11200620","dong","8분위:3,741,083~4,890,361원","6119","8분위:3,741,083~4,890,361원","6410","8분위:3,741,083~4,890,361원","6341"
"옥수동","11200645","dong","9분위:4,890,362~6,945,811원","11329","9분위:4,890,362~6,945,811원","11045","8분위:3,741,083~4,890,361원","11105"
"성수1가1동","11200650","dong","8분위:3,741,083~4,890,361원","7439","8분위:3,741,083~4,890,361원","7512","8분위:3,741,083~4,890,361원","7587"
"성수1가2동","11200660","dong","7분위:2,983,559~3,741,082원","7392","7분위:2,983,559~3,741,082원","7157","7분위:2,983,559~3,741,082원","6607"
"성수2가1동","11200670","dong","7분위:2,983,559~3,741,082원","8705","7분위:2,983,559~3,741,082원","8568","6분위:2,440,600~2,983,558원","8516"
"성수2가3동","11200690","dong","7분위:2,983,559~3,741,082원","5568","7분위:2,983,559~3,741,082원","5531","7분위:2,983,559~3,741,082원","5673"
"송정동","11200720","dong","6분위:2,440,600~2,983,558원","5396","6분위:2,440,600~2,983,558원","5509","6분위:2,440,600~2,983,558원","5503"
"용답동","11200790","dong","6분위:2,440,600~2,983,558원","8025","6분위:2,440,600~2,983,558원","7927","6분위:2,440,600~2,983,558원","6823"
"광진구","11215","gu","7분위:2,983,559~3,741,082원","159623","7분위:2,983,559~3,741,082원","162119","7분위:2,983,559~3,741,082원","163696"
"화양동","11215710","dong","6분위:2,440,600~2,983,558원","13394","6분위:2,440,600~2,983,558원","15302","6분위:2,440,600~2,983,558원","15939"
"군자동","11215730","dong","6분위:2,440,600~2,983,558원","10332","6분위:2,440,600~2,983,558원","10252","6분위:2,440,600~2,983,558원","10539"
"중곡1동","11215740","dong","6분위:2,440,600~2,983,558원","7618","6분위:2,440,600~2,983,558원","7939","6분위:2,440,600~2,983,558원","8349"
"중곡2동","11215750","dong","6분위:2,440,600~2,983,558원","10154","6분위:2,440,600~2,983,558원","10232","6분위:2,440,600~2,983,558원","10327"
"중곡3동","11215760","dong","6분위:2,440,600~2,983,558원","8243","6분위:2,440,600~2,983,558원","8406","5분위:2,020,852~2,440,599원","8436"
"중곡4동","11215770","dong","6분위:2,440,600~2,983,558원","13572","6분위:2,440,600~2,983,558원","13175","6분위:2,440,600~2,983,558원","13053"
"능동","11215780","dong","6분위:2,440,600~2,983,558원","5850","7분위:2,983,559~3,741,082원","6120","6분위:2,440,600~2,983,558원","6221"
"광장동","11215810","dong","9분위:4,890,362~6,945,811원","12592","9분위:4,890,362~6,945,811원","11643","9분위:4,890,362~6,945,811원","12011"
"자양1동","11215820","dong","6분위:2,440,600~2,983,558원","10406","6분위:2,440,600~2,983,558원","11262","6분위:2,440,600~2,983,558원","11499"
"자양2동","11215830","dong","7분위:2,983,559~3,741,082원","11318","7분위:2,983,559~3,741,082원","11302","7분위:2,983,559~3,741,082원","11222"
"자양3동","11215840","dong","8분위:3,741,083~4,890,361원","12549","8분위:3,741,083~4,890,361원","11849","8분위:3,741,083~4,890,361원","11789"
"자양4동","11215847","dong","7분위:2,983,559~3,741,082원","10116","7분위:2,983,559~3,741,082원","10194","7분위:2,983,559~3,741,082원","8860"
"구의1동","11215850","dong","6분위:2,440,600~2,983,558원","11136","6분위:2,440,600~2,983,558원","11542","6분위:2,440,600~2,983,558원","11676"
"구의2동","11215860","dong","6분위:2,440,600~2,983,558원","10854","6분위:2,440,600~2,983,558원","10614","6분위:2,440,600~2,983,558원","11636"
"구의3동","11215870","dong","8분위:3,741,083~4,890,361원","11489","8분위:3,741,083~4,890,361원","12287","8분위:3,741,083~4,890,361원","12139"
"동대문구","11230","gu","7분위:2,983,559~3,741,082원","159592","7분위:2,983,559~3,741,082원","159751","7분위:2,983,559~3,741,082원","161656"
"용신동","11230536","dong","7분위:2,983,559~3,741,082원","16067","7분위:2,983,559~3,741,082원","16319","6분위:2,440,600~2,983,558원","16973"
"제기동","11230545","dong","7분위:2,983,559~3,741,082원","12590","6분위:2,440,600~2,983,558원","12535","6분위:2,440,600~2,983,558원","12900"
"전농1동","11230560","dong","7분위:2,983,559~3,741,082원","13635","7분위:2,983,559~3,741,082원","14700","7분위:2,983,559~3,741,082원","15079"
"전농2동","11230570","dong","7분위:2,983,559~3,741,082원","7794","7분위:2,983,559~3,741,082원","7656","7분위:2,983,559~3,741,082원","7734"
"답십리1동","11230600","dong","7분위:2,983,559~3,741,082원","11404","7분위:2,983,559~3,741,082원","11848","7분위:2,983,559~3,741,082원","13154"
"답십리2동","11230610","dong","7분위:2,983,559~3,741,082원","11636","7분위:2,983,559~3,741,082원","11101","7분위:2,983,559~3,741,082원","12018"
"장안1동","11230650","dong","7분위:2,983,559~3,741,082원","16912","6분위:2,440,600~2,983,558원","16814","6분위:2,440,600~2,983,558원","17403"
"장안2동","11230660","dong","7분위:2,983,559~3,741,082원","12394","7분위:2,983,559~3,741,082원","12426","6분위:2,440,600~2,983,558원","12984"
"청량리동","11230705","dong","6분위:2,440,600~2,983,558원","10615","6분위:2,440,600~2,983,558원","10413","6분위:2,440,600~2,983,558원","10461"
"회기동","11230710","dong","7분위:2,983,559~3,741,082원","5560","7분위:2,983,559~3,741,082원","5834","7분위:2,983,559~3,741,082원","5891"
"휘경1동","11230720","dong","7분위:2,983,559~3,741,082원","6827","7분위:2,983,559~3,741,082원","6909","7분위:2,983,559~3,741,082원","6734"
"휘경2동","11230730","dong","7분위:2,983,559~3,741,082원","10953","7분위:2,983,559~3,741,082원","11135","7분위:2,983,559~3,741,082원","11506"
"이문1동","11230740","dong","6분위:2,440,600~2,983,558원","14304","6분위:2,440,600~2,983,558원","13388","6분위:2,440,600~2,983,558원","10404"
"이문2동","11230750","dong","7분위:2,983,559~3,741,082원","8901","7분위:2,983,559~3,741,082원","8673","7분위:2,983,559~3,741,082원","8415"
"중랑구","11260","gu","6분위:2,440,600~2,983,558원","178960","6분위:2,440,600~2,983,558원","179738","6분위:2,440,600~2,983,558원","180682"
"면목2동","11260520","dong","5분위:2,020,852~2,440,599원","12435","5분위:2,020,852~2,440,599원","12162","5분위:2,020,852~2,440,599원","12228"
"면목4동","11260540","dong","6분위:2,440,600~2,983,558원","9567","6분위:2,440,600~2,983,558원","9414","6분위:2,440,600~2,983,558원","9253"
"면목5동","11260550","dong","5분위:2,020,852~2,440,599원","4741","5분위:2,020,852~2,440,599원","4551","5분위:2,020,852~2,440,599원","4549"
"면목본동","11260565","dong","5분위:2,020,852~2,440,599원","17119","5분위:2,020,852~2,440,599원","17389","5분위:2,020,852~2,440,599원","17590"
"면목7동","11260570","dong","6분위:2,440,600~2,983,558원","9837","6분위:2,440,600~2,983,558원","10079","6분위:2,440,600~2,983,558원","9958"
"면목3.8동","11260575","dong","6분위:2,440,600~2,983,558원","13051","6분위:2,440,600~2,983,558원","12283","5분위:2,020,852~2,440,599원","12571"
"상봉1동","11260580","dong","7분위:2,983,559~3,741,082원","10181","7분위:2,983,559~3,741,082원","10491","6분위:2,440,600~2,983,558원","10100"
"상봉2동","11260590","dong","6분위:2,440,600~2,983,558원","8987","6분위:2,440,600~2,983,558원","9983","6분위:2,440,600~2,983,558원","10687"
"중화1동","11260600","dong","6분위:2,440,600~2,983,558원","8915","6분위:2,440,600~2,983,558원","9099","6분위:2,440,600~2,983,558원","8970"
"중화2동","11260610","dong","5분위:2,020,852~2,440,599원","14051","5분위:2,020,852~2,440,599원","14288","5분위:2,020,852~2,440,599원","14152"
"묵1동","11260620","dong","7분위:2,983,559~3,741,082원","13445","7분위:2,983,559~3,741,082원","14595","7분위:2,983,559~3,741,082원","14574"
"묵2동","11260630","dong","6분위:2,440,600~2,983,558원","8702","6분위:2,440,600~2,983,558원","9010","6분위:2,440,600~2,983,558원","9143"
"망우본동","11260655","dong","6분위:2,440,600~2,983,558원","14987","6분위:2,440,600~2,983,558원","14518","6분위:2,440,600~2,983,558원","14662"
"망우3동","11260660","dong","5분위:2,020,852~2,440,599원","8456","5분위:2,020,852~2,440,599원","8467","5분위:2,020,852~2,440,599원","8424"
"신내1동","11260680","dong","6분위:2,440,600~2,983,558원","15100","6분위:2,440,600~2,983,558원","14415","6분위:2,440,600~2,983,558원","14769"
"신내2동","11260690","dong","7분위:2,983,559~3,741,082원","9386","7분위:2,983,559~3,741,082원","8994","7분위:2,983,559~3,741,082원","9052"
"성북구","11290","gu","7분위:2,983,559~3,741,082원","187351","7분위:2,983,559~3,741,082원","185793","7분위:2,983,559~3,741,082원","182262"
"성북동","11290525","dong","8분위:3,741,083~4,890,361원","5994","8분위:3,741,083~4,890,361원","6003","7분위:2,983,559~3,741,082원","5960"
"삼선동","11290555","dong","7분위:2,983,559~3,741,082원","16271","7분위:2,983,559~3,741,082원","16571","7분위:2,983,559~3,741,082원","16110"
"동선동","11290575","dong","7분위:2,983,559~3,741,082원","8571","7분위:2,983,559~3,741,082원","8932","7분위:2,983,559~3,741,082원","9094"
"돈암1동","11290580","dong","8분위:3,741,083~4,890,361원","6409","7분위:2,983,559~3,741,082원","6109","7분위:2,983,559~3,741,082원","6158"
"돈암2동","11290590","dong","8분위:3,741,083~4,890,361원","6543","8분위:3,741,083~4,890,361원","6498","8분위:3,741,083~4,890,361원","6529"
"안암동","11290600","dong","7분위:2,983,559~3,741,082원","8344","7분위:2,983,559~3,741,082원","8660","6분위:2,440,600~2,983,558원","3761"
"보문동","11290610","dong","7분위:2,983,559~3,741,082원","7878","7분위:2,983,559~3,741,082원","7966","7분위:2,983,559~3,741,082원","7317"
"정릉1동","11290620","dong","7분위:2,983,559~3,741,082원","7902","7분위:2,983,559~3,741,082원","7874","7분위:2,983,559~3,741,082원","7861"
"정릉2동","11290630","dong","7분위:2,983,559~3,741,082원","9880","7분위:2,983,559~3,741,082원","9865","6분위:2,440,600~2,983,558원","9876"
"정릉3동","11290640","dong","6분위:2,440,600~2,983,558원","7332","6분위:2,440,600~2,983,558원","7346","6분위:2,440,600~2,983,558원","7631"
"정릉4동","11290650","dong","7분위:2,983,559~3,741,082원","10997","7분위:2,983,559~3,741,082원","11020","7분위:2,983,559~3,741,082원","10916"
"길음1동","11290660","dong","8분위:3,741,083~4,890,361원","12389","8분위:3,741,083~4,890,361원","12151","8분위:3,741,083~4,890,361원","11993"
"길음2동","11290685","dong","7분위:2,983,559~3,741,082원","3483","7분위:2,983,559~3,741,082원","3176","7분위:2,983,559~3,741,082원","5033"
"종암동","11290705","dong","7분위:2,983,559~3,741,082원","17073","7분위:2,983,559~3,741,082원","17097","7분위:2,983,559~3,741,082원","17142"
"월곡1동","11290715","dong","7분위:2,983,559~3,741,082원","12504","7분위:2,983,559~3,741,082원","12449","7분위:2,983,559~3,741,082원","12542"
"월곡2동","11290725","dong","7분위:2,983,559~3,741,082원","8780","7분위:2,983,559~3,741,082원","8922","7분위:2,983,559~3,741,082원","9149"
"장위1동","11290760","dong","5분위:2,020,852~2,440,599원","8832","5분위:2,020,852~2,440,599원","8937","5분위:2,020,852~2,440,599원","8963"
"장위2동","11290770","dong","5분위:2,020,852~2,440,599원","8424","5분위:2,020,852~2,440,599원","6731","5분위:2,020,852~2,440,599원","6234"
"장위3동","11290780","dong","6분위:2,440,600~2,983,558원","5132","7분위:2,983,559~3,741,082원","4853","7분위:2,983,559~3,741,082원","4948"
"석관동","11290810","dong","6분위:2,440,600~2,983,558원","14613","6분위:2,440,600~2,983,558원","14633","6분위:2,440,600~2,983,558원","15045"
"강북구","11305","gu","6분위:2,440,600~2,983,558원","142108","6분위:2,440,600~2,983,558원","143242","6분위:2,440,600~2,983,558원","144059"
"삼양동","11305534","dong","6분위:2,440,600~2,983,558원","12812","6분위:2,440,600~2,983,558원","11903","6분위:2,440,600~2,983,558원","11550"
"미아동","11305535","dong","6분위:2,440,600~2,983,558원","10887","5분위:2,020,852~2,440,599원","11237","5분위:2,020,852~2,440,599원","11399"
"송중동","11305545","dong","6분위:2,440,600~2,983,558원","13034","6분위:2,440,600~2,983,558원","13012","6분위:2,440,600~2,983,558원","13724"
"송천동","11305555","dong","6분위:2,440,600~2,983,558원","13753","6분위:2,440,600~2,983,558원","13846","6분위:2,440,600~2,983,558원","13677"
"삼각산동","11305575","dong","8분위:3,741,083~4,890,361원","11918","8분위:3,741,083~4,890,361원","11784","7분위:2,983,559~3,741,082원","11657"
"번1동","11305590","dong","5분위:2,020,852~2,440,599원","9512","5분위:2,020,852~2,440,599원","10149","5분위:2,020,852~2,440,599원","10240"
"번2동","11305600","dong","5분위:2,020,852~2,440,599원","7662","5분위:2,020,852~2,440,599원","7598","5분위:2,020,852~2,440,599원","7586"
"번3동","11305606","dong","6분위:2,440,600~2,983,558원","7847","6분위:2,440,600~2,983,558원","7621","6분위:2,440,600~2,983,558원","7592"
"수유1동","11305610","dong","5분위:2,020,852~2,440,599원","9987","5분위:2,020,852~2,440,599원","10359","5분위:2,020,852~2,440,599원","10394"
"수유2동","11305620","dong","6분위:2,440,600~2,983,558원","9313","6분위:2,440,600~2,983,558원","9570","6분위:2,440,600~2,983,558원","9743"
"수유3동","11305630","dong","5분위:2,020,852~2,440,599원","11598","5분위:2,020,852~2,440,599원","12377","5분위:2,020,852~2,440,599원","12498"
"우이동","11305645","dong","6분위:2,440,600~2,983,558원","9320","6분위:2,440,600~2,983,558원","9450","6분위:2,440,600~2,983,558원","9484"
"인수동","11305660","dong","6분위:2,440,600~2,983,558원","14465","5분위:2,020,852~2,440,599원","14336","5분위:2,020,852~2,440,599원","14515"
"도봉구","11320","gu","6분위:2,440,600~2,983,558원","137124","6분위:2,440,600~2,983,558원","137261","6분위:2,440,600~2,983,558원","137991"
"창1동","11320511","dong","7분위:2,983,559~3,741,082원","10996","7분위:2,983,559~3,741,082원","10863","7분위:2,983,559~3,741,082원","10930"
"창2동","11320512","dong","6분위:2,440,600~2,983,558원","12475","6분위:2,440,600~2,983,558원","12319","6분위:2,440,600~2,983,558원","12354"
"창3동","11320513","dong","5분위:2,020,852~2,440,599원","6678","5분위:2,020,852~2,440,599원","6660","5분위:2,020,852~2,440,599원","6657"
"창4동","11320514","dong","8분위:3,741,083~4,890,361원","10634","8분위:3,741,083~4,890,361원","10613","7분위:2,983,559~3,741,082원","10614"
"창5동","11320515","dong","7분위:2,983,559~3,741,082원","9568","7분위:2,983,559~3,741,082원","9865","7분위:2,983,559~3,741,082원","9811"
"도봉1동","11320521","dong","5분위:2,020,852~2,440,599원","10345","5분위:2,020,852~2,440,599원","10265","5분위:2,020,852~2,440,599원","10225"
"도봉2동","11320522","dong","7분위:2,983,559~3,741,082원","11561","6분위:2,440,600~2,983,558원","11931","6분위:2,440,600~2,983,558원","12129"
"쌍문1동","11320660","dong","6분위:2,440,600~2,983,558원","9637","6분위:2,440,600~2,983,558원","9005","5분위:2,020,852~2,440,599원","9306"
"쌍문2동","11320670","dong","6분위:2,440,600~2,983,558원","8456","6분위:2,440,600~2,983,558원","8667","5분위:2,020,852~2,440,599원","8636"
"쌍문3동","11320680","dong","6분위:2,440,600~2,983,558원","7639","6분위:2,440,600~2,983,558원","7663","5분위:2,020,852~2,440,599원","7788"
"쌍문4동","11320681","dong","7분위:2,983,559~3,741,082원","6608","7분위:2,983,559~3,741,082원","7061","6분위:2,440,600~2,983,558원","7159"
"방학1동","11320690","dong","7분위:2,983,559~3,741,082원","12494","7분위:2,983,559~3,741,082원","12724","6분위:2,440,600~2,983,558원","12766"
"방학2동","11320700","dong","5분위:2,020,852~2,440,599원","9617","5분위:2,020,852~2,440,599원","9543","5분위:2,020,852~2,440,599원","9543"
"방학3동","11320710","dong","7분위:2,983,559~3,741,082원","10416","7분위:2,983,559~3,741,082원","10082","6분위:2,440,600~2,983,558원","10073"
"노원구","11350","gu","7분위:2,983,559~3,741,082원","217335","7분위:2,983,559~3,741,082원","216058","7분위:2,983,559~3,741,082원","216478"
"월계1동","11350560","dong","7분위:2,983,559~3,741,082원","11284","6분위:2,440,600~2,983,558원","11341","6분위:2,440,600~2,983,558원","11405"
"월계2동","11350570","dong","6분위:2,440,600~2,983,558원","11264","6분위:2,440,600~2,983,558원","11608","6분위:2,440,600~2,983,558원","11229"
"월계3동","11350580","dong","7분위:2,983,559~3,741,082원","11980","7분위:2,983,559~3,741,082원","11911","7분위:2,983,559~3,741,082원","11997"
"공릉1동","11350595","dong","6분위:2,440,600~2,983,558원","17506","6분위:2,440,600~2,983,558원","17806","6분위:2,440,600~2,983,558원","18112"
"공릉2동","11350600","dong","7분위:2,983,559~3,741,082원","16170","7분위:2,983,559~3,741,082원","16061","7분위:2,983,559~3,741,082원","16291"
"하계1동","11350611","dong","8분위:3,741,083~4,890,361원","10964","8분위:3,741,083~4,890,361원","10932","7분위:2,983,559~3,741,082원","12281"
"하계2동","11350612","dong","8분위:3,741,083~4,890,361원","8534","7분위:2,983,559~3,741,082원","8350","7분위:2,983,559~3,741,082원","8276"
"중계본동","11350619","dong","8분위:3,741,083~4,890,361원","9732","8분위:3,741,083~4,890,361원","9341","8분위:3,741,083~4,890,361원","8896"
"중계1동","11350621","dong","9분위:4,890,362~6,945,811원","9488","8분위:3,741,083~4,890,361원","9081","8분위:3,741,083~4,890,361원","9114"
"중계4동","11350624","dong","7분위:2,983,559~3,741,082원","8195","7분위:2,983,559~3,741,082원","8196","7분위:2,983,559~3,741,082원","8460"
"중계2.3동","11350625","dong","7분위:2,983,559~3,741,082원","15850","7분위:2,983,559~3,741,082원","15503","6분위:2,440,600~2,983,558원","15385"
"상계1동","11350630","dong","7분위:2,983,559~3,741,082원","15484","7분위:2,983,559~3,741,082원","15542","7분위:2,983,559~3,741,082원","15486"
"상계2동","11350640","dong","7분위:2,983,559~3,741,082원","8634","7분위:2,983,559~3,741,082원","8716","7분위:2,983,559~3,741,082원","8763"
"상계3.4동","11350665","dong","6분위:2,440,600~2,983,558원","14414","6분위:2,440,600~2,983,558원","13872","6분위:2,440,600~2,983,558원","13396"
"상계5동","11350670","dong","6분위:2,440,600~2,983,558원","9161","6분위:2,440,600~2,983,558원","9438","6분위:2,440,600~2,983,558원","9122"
"상계6.7동","11350695","dong","7분위:2,983,559~3,741,082원","14023","7분위:2,983,559~3,741,082원","13923","7분위:2,983,559~3,741,082원","13974"
"상계8동","11350700","dong","7분위:2,983,559~3,741,082원","9342","7분위:2,983,559~3,741,082원","9301","7분위:2,983,559~3,741,082원","9237"
"상계9동","11350710","dong","7분위:2,983,559~3,741,082원","8586","7분위:2,983,559~3,741,082원","8492","6분위:2,440,600~2,983,558원","8465"
"상계10동","11350720","dong","7분위:2,983,559~3,741,082원","6724","7분위:2,983,559~3,741,082원","6644","7분위:2,983,559~3,741,082원","6589"
"은평구","11380","gu","7분위:2,983,559~3,741,082원","202285","7분위:2,983,559~3,741,082원","204752","6분위:2,440,600~2,983,558원","205416"
"녹번동","11380510","dong","7분위:2,983,559~3,741,082원","14343","6분위:2,440,600~2,983,558원","14948","7분위:2,983,559~3,741,082원","17057"
"불광1동","11380520","dong","7분위:2,983,559~3,741,082원","12891","7분위:2,983,559~3,741,082원","12726","7분위:2,983,559~3,741,082원","12794"
"불광2동","11380530","dong","6분위:2,440,600~2,983,558원","18230","6분위:2,440,600~2,983,558원","18585","6분위:2,440,600~2,983,558원","18887"
"갈현1동","11380551","dong","6분위:2,440,600~2,983,558원","10948","6분위:2,440,600~2,983,558원","11002","6분위:2,440,600~2,983,558원","11081"
"갈현2동","11380552","dong","6분위:2,440,600~2,983,558원","12395","6분위:2,440,600~2,983,558원","12441","6분위:2,440,600~2,983,558원","12572"
"구산동","11380560","dong","6분위:2,440,600~2,983,558원","12595","6분위:2,440,600~2,983,558원","12765","6분위:2,440,600~2,983,558원","13143"
"대조동","11380570","dong","6분위:2,440,600~2,983,558원","15499","6분위:2,440,600~2,983,558원","15670","6분위:2,440,600~2,983,558원","13840"
"응암1동","11380580","dong","6분위:2,440,600~2,983,558원","11337","6분위:2,440,600~2,983,558원","11174","6분위:2,440,600~2,983,558원","11363"
"응암2동","11380590","dong","8분위:3,741,083~4,890,361원","5836","8분위:3,741,083~4,890,361원","4908","7분위:2,983,559~3,741,082원","4985"
"응암3동","11380600","dong","6분위:2,440,600~2,983,558원","14309","6분위:2,440,600~2,983,558원","15568","6분위:2,440,600~2,983,558원","15705"
"역촌동","11380625","dong","6분위:2,440,600~2,983,558원","20577","6분위:2,440,600~2,983,558원","20638","6분위:2,440,600~2,983,558원","20705"
"신사1동","11380631","dong","6분위:2,440,600~2,983,558원","11324","6분위:2,440,600~2,983,558원","11595","6분위:2,440,600~2,983,558원","11697"
"신사2동","11380632","dong","6분위:2,440,600~2,983,558원","8988","6분위:2,440,600~2,983,558원","9023","6분위:2,440,600~2,983,558원","9210"
"증산동","11380640","dong","7분위:2,983,559~3,741,082원","7355","7분위:2,983,559~3,741,082원","7099","6분위:2,440,600~2,983,558원","7121"
"수색동","11380650","dong","7분위:2,983,559~3,741,082원","6087","7분위:2,983,559~3,741,082원","4762","7분위:2,983,559~3,741,082원","3625"
"진관동","11380690","dong","8분위:3,741,083~4,890,361원","19571","8분위:3,741,083~4,890,361원","21848","8분위:3,741,083~4,890,361원","21631"
"서대문구","11410","gu","7분위:2,983,559~3,741,082원","137624","7분위:2,983,559~3,741,082원","137284","7분위:2,983,559~3,741,082원","139485"
"천연동","11410520","dong","8분위:3,741,083~4,890,361원","8262","8분위:3,741,083~4,890,361원","8190","8분위:3,741,083~4,890,361원","8067"
"북아현동","11410555","dong","8분위:3,741,083~4,890,361원","7096","8분위:3,741,083~4,890,361원","7501","8분위:3,741,083~4,890,361원","7449"
"충현동","11410565","dong","7분위:2,983,559~3,741,082원","8985","7분위:2,983,559~3,741,082원","8828","7분위:2,983,559~3,741,082원","8894"
"신촌동","11410585","dong","7분위:2,983,559~3,741,082원","10957","7분위:2,983,559~3,741,082원","11914","7분위:2,983,559~3,741,082원","12327"
"연희동","11410615","dong","7분위:2,983,559~3,741,082원","18142","7분위:2,983,559~3,741,082원","18514","7분위:2,983,559~3,741,082원","19264"
"홍제1동","11410620","dong","7분위:2,983,559~3,741,082원","10175","7분위:2,983,559~3,741,082원","9452","7분위:2,983,559~3,741,082원","10317"
"홍제3동","11410640","dong","7분위:2,983,559~3,741,082원","7442","7분위:2,983,559~3,741,082원","7057","6분위:2,440,600~2,983,558원","7107"
"홍제2동","11410655","dong","8분위:3,741,083~4,890,361원","5993","8분위:3,741,083~4,890,361원","5777","7분위:2,983,559~3,741,082원","5830"
"홍은1동","11410660","dong","7분위:2,983,559~3,741,082원","9569","7분위:2,983,559~3,741,082원","9183","7분위:2,983,559~3,741,082원","9189"
"홍은2동","11410685","dong","7분위:2,983,559~3,741,082원","12548","6분위:2,440,600~2,983,558원","13008","6분위:2,440,600~2,983,558원","12064"
"남가좌1동","11410690","dong","8분위:3,741,083~4,890,361원","6365","8분위:3,741,083~4,890,361원","6261","8분위:3,741,083~4,890,361원","6275"
"남가좌2동","11410700","dong","7분위:2,983,559~3,741,082원","10212","7분위:2,983,559~3,741,082원","9995","7분위:2,983,559~3,741,082원","11058"
"북가좌1동","11410710","dong","8분위:3,741,083~4,890,361원","6756","8분위:3,741,083~4,890,361원","6421","8분위:3,741,083~4,890,361원","6539"
"북가좌2동","11410720","dong","6분위:2,440,600~2,983,558원","15122","6분위:2,440,600~2,983,558원","15183","6분위:2,440,600~2,983,558원","15105"
"마포구","11440","gu","8분위:3,741,083~4,890,361원","168882","8분위:3,741,083~4,890,361원","170229","8분위:3,741,083~4,890,361원","143749"
"아현동","11440555","dong","9분위:4,890,362~6,945,811원","11491","9분위:4,890,362~6,945,811원","11321","9분위:4,890,362~6,945,811원","11055"
"공덕동","11440565","dong","8분위:3,741,083~4,890,361원","16561","8분위:3,741,083~4,890,361원","17548","8분위:3,741,083~4,890,361원","14982"
"도화동","11440585","dong","8분위:3,741,083~4,890,361원","9755","8분위:3,741,083~4,890,361원","9515","8분위:3,741,083~4,890,361원","7746"
"용강동","11440590","dong","8분위:3,741,083~4,890,361원","8419","8분위:3,741,083~4,890,361원","8414","8분위:3,741,083~4,890,361원","7247"
"대흥동","11440600","dong","7분위:2,983,559~3,741,082원","7009","7분위:2,983,559~3,741,082원","7154","7분위:2,983,559~3,741,082원","5331"
"염리동","11440610","dong","8분위:3,741,083~4,890,361원","5672","8분위:3,741,083~4,890,361원","5832","8분위:3,741,083~4,890,361원","6806"
"신수동","11440630","dong","8분위:3,741,083~4,890,361원","9096","8분위:3,741,083~4,890,361원","9127","8분위:3,741,083~4,890,361원","6601"
"서강동","11440655","dong","8분위:3,741,083~4,890,361원","11628","8분위:3,741,083~4,890,361원","11486","8분위:3,741,083~4,890,361원","9004"
"서교동","11440660","dong","7분위:2,983,559~3,741,082원","13781","7분위:2,983,559~3,741,082원","13283","7분위:2,983,559~3,741,082원","10778"
"합정동","11440680","dong","7분위:2,983,559~3,741,082원","9588","7분위:2,983,559~3,741,082원","9048","7분위:2,983,559~3,741,082원","9580"
"망원1동","11440690","dong","6분위:2,440,600~2,983,558원","10129","6분위:2,440,600~2,983,558원","10410","6분위:2,440,600~2,983,558원","8087"
"망원2동","11440700","dong","7분위:2,983,559~3,741,082원","8392","7분위:2,983,559~3,741,082원","8224","6분위:2,440,600~2,983,558원","6199"
"연남동","11440710","dong","7분위:2,983,559~3,741,082원","8713","7분위:2,983,559~3,741,082원","8708","6분위:2,440,600~2,983,558원","6806"
"성산1동","11440720","dong","6분위:2,440,600~2,983,558원","9182","6분위:2,440,600~2,983,558원","9178","6분위:2,440,600~2,983,558원","7249"
"성산2동","11440730","dong","8분위:3,741,083~4,890,361원","16910","7분위:2,983,559~3,741,082원","18209","7분위:2,983,559~3,741,082원","15482"
"상암동","11440740","dong","8분위:3,741,083~4,890,361원","12556","8분위:3,741,083~4,890,361원","12772","8분위:3,741,083~4,890,361원","10796"
"양천구","11470","gu","8분위:3,741,083~4,890,361원","176513","8분위:3,741,083~4,890,361원","174836","8분위:3,741,083~4,890,361원","176937"
"목1동","11470510","dong","9분위:4,890,362~6,945,811원","10451","9분위:4,890,362~6,945,811원","9621","9분위:4,890,362~6,945,811원","10486"
"목2동","11470520","dong","7분위:2,983,559~3,741,082원","12561","7분위:2,983,559~3,741,082원","12765","7분위:2,983,559~3,741,082원","13073"
"목3동","11470530","dong","7분위:2,983,559~3,741,082원","9039","7분위:2,983,559~3,741,082원","9749","7분위:2,983,559~3,741,082원","9934"
"목4동","11470540","dong","7분위:2,983,559~3,741,082원","10206","7분위:2,983,559~3,741,082원","10046","7분위:2,983,559~3,741,082원","10127"
"목5동","11470550","dong","9분위:4,890,362~6,945,811원","13890","9분위:4,890,362~6,945,811원","13555","9분위:4,890,362~6,945,811원","13530"
"신월1동","11470560","dong","5분위:2,020,852~2,440,599원","10080","5분위:2,020,852~2,440,599원","10047","5분위:2,020,852~2,440,599원","10116"
"신월2동","11470570","dong","6분위:2,440,600~2,983,558원","8779","6분위:2,440,600~2,983,558원","8566","6분위:2,440,600~2,983,558원","8558"
"신월3동","11470580","dong","5분위:2,020,852~2,440,599원","8119","5분위:2,020,852~2,440,599원","7930","5분위:2,020,852~2,440,599원","8136"
"신월4동","11470590","dong","6분위:2,440,600~2,983,558원","6960","6분위:2,440,600~2,983,558원","6882","6분위:2,440,600~2,983,558원","6889"
"신월5동","11470600","dong","6분위:2,440,600~2,983,558원","6284","6분위:2,440,600~2,983,558원","6680","6분위:2,440,600~2,983,558원","6349"
"신월6동","11470610","dong","6분위:2,440,600~2,983,558원","2734","6분위:2,440,600~2,983,558원","2551","6분위:2,440,600~2,983,558원","2493"
"신월7동","11470611","dong","6분위:2,440,600~2,983,558원","10195","6분위:2,440,600~2,983,558원","10203","6분위:2,440,600~2,983,558원","10169"
"신정1동","11470620","dong","9분위:4,890,362~6,945,811원","7989","9분위:4,890,362~6,945,811원","7194","9분위:4,890,362~6,945,811원","7204"
"신정2동","11470630","dong","9분위:4,890,362~6,945,811원","7329","8분위:3,741,083~4,890,361원","7193","8분위:3,741,083~4,890,361원","7167"
"신정3동","11470640","dong","7분위:2,983,559~3,741,082원","17582","7분위:2,983,559~3,741,082원","16681","7분위:2,983,559~3,741,082원","16976"
"신정4동","11470650","dong","6분위:2,440,600~2,983,558원","15405","6분위:2,440,600~2,983,558원","15934","6분위:2,440,600~2,983,558원","15946"
"신정6동","11470670","dong","9분위:4,890,362~6,945,811원","7758","9분위:4,890,362~6,945,811원","8026","9분위:4,890,362~6,945,811원","8162"
"신정7동","11470680","dong","8분위:3,741,083~4,890,361원","11152","8분위:3,741,083~4,890,361원","11213","8분위:3,741,083~4,890,361원","11622"
"강서구","11500","gu","7분위:2,983,559~3,741,082원","252249","7분위:2,983,559~3,741,082원","256450","7분위:2,983,559~3,741,082원","261572"
"염창동","11500510","dong","8분위:3,741,083~4,890,361원","14438","8분위:3,741,083~4,890,361원","14337","8분위:3,741,083~4,890,361원","15230"
"등촌1동","11500520","dong","7분위:2,983,559~3,741,082원","10991","7분위:2,983,559~3,741,082원","11434","7분위:2,983,559~3,741,082원","12042"
"등촌2동","11500530","dong","7분위:2,983,559~3,741,082원","8193","7분위:2,983,559~3,741,082원","8573","7분위:2,983,559~3,741,082원","8677"
"등촌3동","11500535","dong","7분위:2,983,559~3,741,082원","15057","7분위:2,983,559~3,741,082원","14652","7분위:2,983,559~3,741,082원","14775"
"화곡1동","11500540","dong","6분위:2,440,600~2,983,558원","25048","6분위:2,440,600~2,983,558원","25572","6분위:2,440,600~2,983,558원","26369"
"화곡2동","11500550","dong","6분위:2,440,600~2,983,558원","8406","6분위:2,440,600~2,983,558원","8217","5분위:2,020,852~2,440,599원","8244"
"화곡3동","11500560","dong","7분위:2,983,559~3,741,082원","9076","7분위:2,983,559~3,741,082원","9215","7분위:2,983,559~3,741,082원","9399"
"화곡4동","11500570","dong","6분위:2,440,600~2,983,558원","10045","6분위:2,440,600~2,983,558원","9738","5분위:2,020,852~2,440,599원","9611"
"화곡본동","11500590","dong","6분위:2,440,600~2,983,558원","15941","6분위:2,440,600~2,983,558원","16201","5분위:2,020,852~2,440,599원","16434"
"화곡6동","11500591","dong","7분위:2,983,559~3,741,082원","10797","7분위:2,983,559~3,741,082원","10817","7분위:2,983,559~3,741,082원","11434"
"화곡8동","11500593","dong","6분위:2,440,600~2,983,558원","11350","6분위:2,440,600~2,983,558원","11564","6분위:2,440,600~2,983,558원","11669"
"가양1동","11500603","dong","8분위:3,741,083~4,890,361원","16577","8분위:3,741,083~4,890,361원","19793","7분위:2,983,559~3,741,082원","20797"
"가양2동","11500604","dong","7분위:2,983,559~3,741,082원","7951","7분위:2,983,559~3,741,082원","8104","7분위:2,983,559~3,741,082원","8084"
"가양3동","11500605","dong","7분위:2,983,559~3,741,082원","7787","7분위:2,983,559~3,741,082원","7880","7분위:2,983,559~3,741,082원","7924"
"발산1동","11500611","dong","7분위:2,983,559~3,741,082원","13992","7분위:2,983,559~3,741,082원","13289","7분위:2,983,559~3,741,082원","13532"
"우장산동","11500615","dong","8분위:3,741,083~4,890,361원","16984","8분위:3,741,083~4,890,361원","16473","8분위:3,741,083~4,890,361원","16058"
"공항동","11500620","dong","6분위:2,440,600~2,983,558원","12656","6분위:2,440,600~2,983,558원","13702","7분위:2,983,559~3,741,082원","13880"
"방화1동","11500630","dong","7분위:2,983,559~3,741,082원","14403","7분위:2,983,559~3,741,082원","14362","7분위:2,983,559~3,741,082원","14591"
"방화2동","11500640","dong","6분위:2,440,600~2,983,558원","11188","6분위:2,440,600~2,983,558원","11321","6분위:2,440,600~2,983,558원","11566"
"방화3동","11500641","dong","7분위:2,983,559~3,741,082원","11369","7분위:2,983,559~3,741,082원","11206","7분위:2,983,559~3,741,082원","11256"
"구로구","11530","gu","7분위:2,983,559~3,741,082원","171504","7분위:2,983,559~3,741,082원","170708","7분위:2,983,559~3,741,082원","172000"
"신도림동","11530510","dong","8분위:3,741,083~4,890,361원","13358","8분위:3,741,083~4,890,361원","12422","8분위:3,741,083~4,890,361원","13405"
"구로1동","11530520","dong","7분위:2,983,559~3,741,082원","7925","7분위:2,983,559~3,741,082원","7862","7분위:2,983,559~3,741,082원","7817"
"구로2동","11530530","dong","6분위:2,440,600~2,983,558원","13042","6분위:2,440,600~2,983,558원","12799","6분위:2,440,600~2,983,558원","12746"
"구로3동","11530540","dong","7분위:2,983,559~3,741,082원","13224","7분위:2,983,559~3,741,082원","13378","6분위:2,440,600~2,983,558원","13099"
"구로4동","11530550","dong","6분위:2,440,600~2,983,558원","10753","6분위:2,440,600~2,983,558원","10594","6분위:2,440,600~2,983,558원","10551"
"구로5동","11530560","dong","7분위:2,983,559~3,741,082원","13969","7분위:2,983,559~3,741,082원","14407","7분위:2,983,559~3,741,082원","14489"
"가리봉동","11530595","dong","6분위:2,440,600~2,983,558원","5975","5분위:2,020,852~2,440,599원","5864","5분위:2,020,852~2,440,599원","5806"
"고척1동","11530720","dong","7분위:2,983,559~3,741,082원","9813","7분위:2,983,559~3,741,082원","9309","6분위:2,440,600~2,983,558원","9655"
"고척2동","11530730","dong","7분위:2,983,559~3,741,082원","11652","7분위:2,983,559~3,741,082원","11692","6분위:2,440,600~2,983,558원","11675"
"개봉1동","11530740","dong","6분위:2,440,600~2,983,558원","13887","6분위:2,440,600~2,983,558원","13802","6분위:2,440,600~2,983,558원","13786"
"개봉2동","11530750","dong","7분위:2,983,559~3,741,082원","12736","7분위:2,983,559~3,741,082원","12346","6분위:2,440,600~2,983,558원","12252"
"개봉3동","11530760","dong","6분위:2,440,600~2,983,558원","9067","6분위:2,440,600~2,983,558원","9054","6분위:2,440,600~2,983,558원","9104"
"오류1동","11530770","dong","6분위:2,440,600~2,983,558원","9450","6분위:2,440,600~2,983,558원","10565","6분위:2,440,600~2,983,558원","11250"
"오류2동","11530780","dong","7분위:2,983,559~3,741,082원","16833","6분위:2,440,600~2,983,558원","16834","6분위:2,440,600~2,983,558원","16598"
"수궁동","11530790","dong","6분위:2,440,600~2,983,558원","9820","6분위:2,440,600~2,983,558원","9780","6분위:2,440,600~2,983,558원","9767"
"금천구","11545","gu","6분위:2,440,600~2,983,558원","105799","6분위:2,440,600~2,983,558원","106307","6분위:2,440,600~2,983,558원","110168"
"가산동","11545510","dong","6분위:2,440,600~2,983,558원","11494","6분위:2,440,600~2,983,558원","12909","6분위:2,440,600~2,983,558원","13703"
"독산1동","11545610","dong","7분위:2,983,559~3,741,082원","16895","7분위:2,983,559~3,741,082원","17533","7분위:2,983,559~3,741,082원","19958"
"독산2동","11545620","dong","5분위:2,020,852~2,440,599원","9567","5분위:2,020,852~2,440,599원","9336","5분위:2,020,852~2,440,599원","9227"
"독산3동","11545630","dong","6분위:2,440,600~2,983,558원","12111","6분위:2,440,600~2,983,558원","12267","5분위:2,020,852~2,440,599원","12365"
"독산4동","11545640","dong","5분위:2,020,852~2,440,599원","7662","5분위:2,020,852~2,440,599원","7625","5분위:2,020,852~2,440,599원","7589"
"시흥1동","11545670","dong","6분위:2,440,600~2,983,558원","15675","6분위:2,440,600~2,983,558원","15162","6분위:2,440,600~2,983,558원","15818"
"시흥2동","11545680","dong","7분위:2,983,559~3,741,082원","8871","7분위:2,983,559~3,741,082원","8458","7분위:2,983,559~3,741,082원","8429"
"시흥3동","11545690","dong","6분위:2,440,600~2,983,558원","4812","6분위:2,440,600~2,983,558원","4614","6분위:2,440,600~2,983,558원","4717"
"시흥4동","11545700","dong","6분위:2,440,600~2,983,558원","10087","6분위:2,440,600~2,983,558원","9845","5분위:2,020,852~2,440,599원","9835"
"시흥5동","11545710","dong","6분위:2,440,600~2,983,558원","8625","6분위:2,440,600~2,983,558원","8558","5분위:2,020,852~2,440,599원","8527"
"영등포구","11560","gu","8분위:3,741,083~4,890,361원","166520","8분위:3,741,083~4,890,361원","168468","7분위:2,983,559~3,741,082원","172256"
"영등포본동","11560515","dong","7분위:2,983,559~3,741,082원","10876","7분위:2,983,559~3,741,082원","10040","7분위:2,983,559~3,741,082원","10171"
"영등포동","11560535","dong","7분위:2,983,559~3,741,082원","12826","8분위:3,741,083~4,890,361원","15966","7분위:2,983,559~3,741,082원","16976"
"여의동","11560540","dong","9분위:4,890,362~6,945,811원","13054","9분위:4,890,362~6,945,811원","12681","9분위:4,890,362~6,945,811원","13529"
"당산1동","11560550","dong","7분위:2,983,559~3,741,082원","9827","7분위:2,983,559~3,741,082원","10232","7분위:2,983,559~3,741,082원","10486"
"당산2동","11560560","dong","8분위:3,741,083~4,890,361원","16069","8분위:3,741,083~4,890,361원","16778","8분위:3,741,083~4,890,361원","17095"
"도림동","11560585","dong","7분위:2,983,559~3,741,082원","9354","7분위:2,983,559~3,741,082원","8948","7분위:2,983,559~3,741,082원","9269"
"문래동","11560605","dong","8분위:3,741,083~4,890,361원","12495","8분위:3,741,083~4,890,361원","12338","8분위:3,741,083~4,890,361원","12446"
"양평1동","11560610","dong","7분위:2,983,559~3,741,082원","7929","7분위:2,983,559~3,741,082원","8505","7분위:2,983,559~3,741,082원","8765"
"양평2동","11560620","dong","8분위:3,741,083~4,890,361원","9582","8분위:3,741,083~4,890,361원","9930","7분위:2,983,559~3,741,082원","9797"
"신길1동","11560630","dong","6분위:2,440,600~2,983,558원","9797","6분위:2,440,600~2,983,558원","9663","6분위:2,440,600~2,983,558원","9849"
"신길3동","11560650","dong","7분위:2,983,559~3,741,082원","7088","7분위:2,983,559~3,741,082원","6881","7분위:2,983,559~3,741,082원","6876"
"신길4동","11560660","dong","6분위:2,440,600~2,983,558원","4550","6분위:2,440,600~2,983,558원","4315","6분위:2,440,600~2,983,558원","4232"
"신길5동","11560670","dong","6분위:2,440,600~2,983,558원","5244","6분위:2,440,600~2,983,558원","4574","6분위:2,440,600~2,983,558원","4255"
"신길6동","11560680","dong","7분위:2,983,559~3,741,082원","8091","7분위:2,983,559~3,741,082원","8273","7분위:2,983,559~3,741,082원","8778"
"신길7동","11560690","dong","7분위:2,983,559~3,741,082원","6096","7분위:2,983,559~3,741,082원","6129","7분위:2,983,559~3,741,082원","6129"
"대림1동","11560700","dong","6분위:2,440,600~2,983,558원","6310","6분위:2,440,600~2,983,558원","6418","6분위:2,440,600~2,983,558원","6330"
"대림2동","11560710","dong","6분위:2,440,600~2,983,558원","6418","6분위:2,440,600~2,983,558원","6426","6분위:2,440,600~2,983,558원","6796"
"대림3동","11560720","dong","7분위:2,983,559~3,741,082원","10914","7분위:2,983,559~3,741,082원","10371","6분위:2,440,600~2,983,558원","10477"
"동작구","11590","gu","7분위:2,983,559~3,741,082원","173520","7분위:2,983,559~3,741,082원","175301","7분위:2,983,559~3,741,082원","180657"
"노량진1동","11590510","dong","8분위:3,741,083~4,890,361원","14403","8분위:3,741,083~4,890,361원","14776","7분위:2,983,559~3,741,082원","15039"
"노량진2동","11590520","dong","6분위:2,440,600~2,983,558원","7450","6분위:2,440,600~2,983,558원","7663","6분위:2,440,600~2,983,558원","7656"
"상도1동","11590530","dong","8분위:3,741,083~4,890,361원","20879","8분위:3,741,083~4,890,361원","21153","8분위:3,741,083~4,890,361원","21217"
"상도2동","11590540","dong","8분위:3,741,083~4,890,361원","11302","8분위:3,741,083~4,890,361원","11336","8분위:3,741,083~4,890,361원","12415"
"상도3동","11590550","dong","6분위:2,440,600~2,983,558원","11282","6분위:2,440,600~2,983,558원","11617","6분위:2,440,600~2,983,558원","11885"
"상도4동","11590560","dong","6분위:2,440,600~2,983,558원","12798","6분위:2,440,600~2,983,558원","13034","6분위:2,440,600~2,983,558원","13367"
"흑석동","11590605","dong","8분위:3,741,083~4,890,361원","14129","8분위:3,741,083~4,890,361원","12844","8분위:3,741,083~4,890,361원","14280"
"사당1동","11590620","dong","7분위:2,983,559~3,741,082원","11737","7분위:2,983,559~3,741,082원","12430","6분위:2,440,600~2,983,558원","13015"
"사당2동","11590630","dong","8분위:3,741,083~4,890,361원","11907","8분위:3,741,083~4,890,361원","11934","8분위:3,741,083~4,890,361원","11893"
"사당3동","11590640","dong","8분위:3,741,083~4,890,361원","10197","8분위:3,741,083~4,890,361원","9990","8분위:3,741,083~4,890,361원","10596"
"사당4동","11590650","dong","7분위:2,983,559~3,741,082원","6375","7분위:2,983,559~3,741,082원","6784","6분위:2,440,600~2,983,558원","6969"
"사당5동","11590651","dong","7분위:2,983,559~3,741,082원","5713","7분위:2,983,559~3,741,082원","5615","7분위:2,983,559~3,741,082원","5649"
"대방동","11590660","dong","8분위:3,741,083~4,890,361원","16421","7분위:2,983,559~3,741,082원","16881","7분위:2,983,559~3,741,082원","17164"
"신대방1동","11590670","dong","8분위:3,741,083~4,890,361원","9914","8분위:3,741,083~4,890,361원","9835","8분위:3,741,083~4,890,361원","9932"
"신대방2동","11590680","dong","7분위:2,983,559~3,741,082원","9013","7분위:2,983,559~3,741,082원","9409","7분위:2,983,559~3,741,082원","9580"
"관악구","11620","gu","6분위:2,440,600~2,983,558원","254177","6분위:2,440,600~2,983,558원","261563","6분위:2,440,600~2,983,558원","267897"
"보라매동","11620525","dong","6분위:2,440,600~2,983,558원","11516","6분위:2,440,600~2,983,558원","11704","6분위:2,440,600~2,983,558원","11808"
"청림동","11620545","dong","8분위:3,741,083~4,890,361원","6870","8분위:3,741,083~4,890,361원","7013","7분위:2,983,559~3,741,082원","6590"
"성현동","11620565","dong","7분위:2,983,559~3,741,082원","13527","7분위:2,983,559~3,741,082원","13025","7분위:2,983,559~3,741,082원","15389"
"행운동","11620575","dong","7분위:2,983,559~3,741,082원","16189","7분위:2,983,559~3,741,082원","16788","6분위:2,440,600~2,983,558원","16780"
"낙성대동","11620585","dong","7분위:2,983,559~3,741,082원","9788","7분위:2,983,559~3,741,082원","10081","7분위:2,983,559~3,741,082원","10117"
"청룡동","11620595","dong","6분위:2,440,600~2,983,558원","16371","6분위:2,440,600~2,983,558원","18075","6분위:2,440,600~2,983,558원","19237"
"은천동","11620605","dong","7분위:2,983,559~3,741,082원","15481","7분위:2,983,559~3,741,082원","15559","7분위:2,983,559~3,741,082원","15697"
"중앙동","11620615","dong","6분위:2,440,600~2,983,558원","8441","6분위:2,440,600~2,983,558원","8948","6분위:2,440,600~2,983,558원","9218"
"인헌동","11620625","dong","7분위:2,983,559~3,741,082원","13692","6분위:2,440,600~2,983,558원","13867","6분위:2,440,600~2,983,558원","13854"
"남현동","11620630","dong","7분위:2,983,559~3,741,082원","9017","7분위:2,983,559~3,741,082원","9143","7분위:2,983,559~3,741,082원","9388"
"서원동","11620645","dong","6분위:2,440,600~2,983,558원","12627","6분위:2,440,600~2,983,558원","13146","5분위:2,020,852~2,440,599원","13685"
"신원동","11620655","dong","6분위:2,440,600~2,983,558원","9766","6분위:2,440,600~2,983,558원","10275","5분위:2,020,852~2,440,599원","10359"
"서림동","11620665","dong","6분위:2,440,600~2,983,558원","14053","6분위:2,440,600~2,983,558원","14167","6분위:2,440,600~2,983,558원","14979"
"신사동","11620685","dong","6분위:2,440,600~2,983,558원","12273","6분위:2,440,600~2,983,558원","12874","5분위:2,020,852~2,440,599원","13168"
"신림동","11620695","dong","6분위:2,440,600~2,983,558원","14395","6분위:2,440,600~2,983,558원","16028","5분위:2,020,852~2,440,599원","16681"
"난향동","11620715","dong","7분위:2,983,559~3,741,082원","6730","7분위:2,983,559~3,741,082원","6475","7분위:2,983,559~3,741,082원","6444"
"조원동","11620725","dong","6분위:2,440,600~2,983,558원","9530","6분위:2,440,600~2,983,558원","10020","6분위:2,440,600~2,983,558원","10208"
"대학동","11620735","dong","6분위:2,440,600~2,983,558원","14735","6분위:2,440,600~2,983,558원","15638","6분위:2,440,600~2,983,558원","16074"
"삼성동","11620745","dong","6분위:2,440,600~2,983,558원","11876","6분위:2,440,600~2,983,558원","12186","6분위:2,440,600~2,983,558원","11450"
"미성동","11620765","dong","6분위:2,440,600~2,983,558원","14102","6분위:2,440,600~2,983,558원","13829","6분위:2,440,600~2,983,558원","14025"
"난곡동","11620775","dong","5분위:2,020,852~2,440,599원","13198","5분위:2,020,852~2,440,599원","12722","5분위:2,020,852~2,440,599원","12746"
"서초구","11650","gu","9분위:4,890,362~6,945,811원","173509","9분위:4,890,362~6,945,811원","172376","9분위:4,890,362~6,945,811원","170179"
"서초1동","11650510","dong","9분위:4,890,362~6,945,811원","8981","9분위:4,890,362~6,945,811원","9226","8분위:3,741,083~4,890,361원","9376"
"서초2동","11650520","dong","9분위:4,890,362~6,945,811원","7098","9분위:4,890,362~6,945,811원","7901","9분위:4,890,362~6,945,811원","8345"
"서초3동","11650530","dong","9분위:4,890,362~6,945,811원","12279","9분위:4,890,362~6,945,811원","13191","8분위:3,741,083~4,890,361원","13289"
"서초4동","11650531","dong","10분위:6945812원 이상","10053","9분위:4,890,362~6,945,811원","10962","9분위:4,890,362~6,945,811원","10668"
"잠원동","11650540","dong","9분위:4,890,362~6,945,811원","13900","9분위:4,890,362~6,945,811원","13772","9분위:4,890,362~6,945,811원","13628"
"반포본동","11650550","dong","9분위:4,890,362~6,945,811원","4300","9분위:4,890,362~6,945,811원","4224","9분위:4,890,362~6,945,811원","4134"
"반포1동","11650560","dong","9분위:4,890,362~6,945,811원","12806","9분위:4,890,362~6,945,811원","13296","9분위:4,890,362~6,945,811원","13583"
"반포2동","11650570","dong","9분위:4,890,362~6,945,811원","8152","9분위:4,890,362~6,945,811원","5845","9분위:4,890,362~6,945,811원","5121"
"반포3동","11650580","dong","9분위:4,890,362~6,945,811원","6588","9분위:4,890,362~6,945,811원","6775","9분위:4,890,362~6,945,811원","6434"
"반포4동","11650581","dong","9분위:4,890,362~6,945,811원","7307","9분위:4,890,362~6,945,811원","7249","9분위:4,890,362~6,945,811원","7288"
"방배본동","11650590","dong","9분위:4,890,362~6,945,811원","7992","9분위:4,890,362~6,945,811원","7876","8분위:3,741,083~4,890,361원","7857"
"방배1동","11650600","dong","8분위:3,741,083~4,890,361원","7216","8분위:3,741,083~4,890,361원","7515","8분위:3,741,083~4,890,361원","7580"
"방배2동","11650610","dong","8분위:3,741,083~4,890,361원","11044","8분위:3,741,083~4,890,361원","9979","8분위:3,741,083~4,890,361원","8765"
"방배3동","11650620","dong","9분위:4,890,362~6,945,811원","8869","8분위:3,741,083~4,890,361원","8310","8분위:3,741,083~4,890,361원","8366"
"방배4동","11650621","dong","8분위:3,741,083~4,890,361원","10368","8분위:3,741,083~4,890,361원","9753","8분위:3,741,083~4,890,361원","9727"
"양재1동","11650651","dong","8분위:3,741,083~4,890,361원","18517","8분위:3,741,083~4,890,361원","18290","8분위:3,741,083~4,890,361원","18142"
"양재2동","11650652","dong","7분위:2,983,559~3,741,082원","10720","7분위:2,983,559~3,741,082원","11010","7분위:2,983,559~3,741,082원","10690"
"내곡동","11650660","dong","7분위:2,983,559~3,741,082원","7319","7분위:2,983,559~3,741,082원","7202","8분위:3,741,083~4,890,361원","7186"
"강남구","11680","gu","9분위:4,890,362~6,945,811원","232523","9분위:4,890,362~6,945,811원","228079","9분위:4,890,362~6,945,811원","231629"
"신사동","11680510","dong","9분위:4,890,362~6,945,811원","7599","9분위:4,890,362~6,945,811원","7548","9분위:4,890,362~6,945,811원","7464"
"논현1동","11680521","dong","7분위:2,983,559~3,741,082원","13646","7분위:2,983,559~3,741,082원","14198","7분위:2,983,559~3,741,082원","14200"
"논현2동","11680531","dong","8분위:3,741,083~4,890,361원","10831","8분위:3,741,083~4,890,361원","11108","8분위:3,741,083~4,890,361원","11305"
"압구정동","11680545","dong","9분위:4,890,362~6,945,811원","10997","9분위:4,890,362~6,945,811원","10706","9분위:4,890,362~6,945,811원","10665"
"청담동","11680565","dong","9분위:4,890,362~6,945,811원","12124","9분위:4,890,362~6,945,811원","12328","9분위:4,890,362~6,945,811원","12480"
"삼성1동","11680580","dong","9분위:4,890,362~6,945,811원","5846","9분위:4,890,362~6,945,811원","5987","9분위:4,890,362~6,945,811원","5916"
"삼성2동","11680590","dong","9분위:4,890,362~6,945,811원","12893","9분위:4,890,362~6,945,811원","13173","9분위:4,890,362~6,945,811원","13326"
"대치1동","11680600","dong","10분위:6945812원 이상","7533","10분위:6945812원 이상","7470","10분위:6945812원 이상","7413"
"대치2동","11680610","dong","9분위:4,890,362~6,945,811원","14096","9분위:4,890,362~6,945,811원","13485","9분위:4,890,362~6,945,811원","12926"
"대치4동","11680630","dong","8분위:3,741,083~4,890,361원","9929","8분위:3,741,083~4,890,361원","10239","8분위:3,741,083~4,890,361원","10232"
"역삼1동","11680640","dong","8분위:3,741,083~4,890,361원","21257","8분위:3,741,083~4,890,361원","23129","7분위:2,983,559~3,741,082원","23598"
"역삼2동","11680650","dong","9분위:4,890,362~6,945,811원","14829","9분위:4,890,362~6,945,811원","14957","9분위:4,890,362~6,945,811원","15011"
"도곡1동","11680655","dong","9분위:4,890,362~6,945,811원","8666","9분위:4,890,362~6,945,811원","8241","9분위:4,890,362~6,945,811원","8347"
"도곡2동","11680656","dong","9분위:4,890,362~6,945,811원","12192","9분위:4,890,362~6,945,811원","11740","9분위:4,890,362~6,945,811원","11821"
"개포1동","11680660","dong","8분위:3,741,083~4,890,361원","7257","8분위:3,741,083~4,890,361원","3503","9분위:4,890,362~6,945,811원","2745"
"개포2동","11680670","dong","8분위:3,741,083~4,890,361원","7451","8분위:3,741,083~4,890,361원","4892","9분위:4,890,362~6,945,811원","7799"
"개포4동","11680690","dong","8분위:3,741,083~4,890,361원","7642","7분위:2,983,559~3,741,082원","7815","7분위:2,983,559~3,741,082원","7710"
"세곡동","11680700","dong","8분위:3,741,083~4,890,361원","17111","8분위:3,741,083~4,890,361원","17390","8분위:3,741,083~4,890,361원","17774"
"일원본동","11680720","dong","9분위:4,890,362~6,945,811원","8572","9분위:4,890,362~6,945,811원","8387","9분위:4,890,362~6,945,811원","8187"
"일원1동","11680730","dong","7분위:2,983,559~3,741,082원","7398","7분위:2,983,559~3,741,082원","7669","7분위:2,983,559~3,741,082원","7500"
"일원2동","11680740","dong","8분위:3,741,083~4,890,361원","6669","8분위:3,741,083~4,890,361원","6352","8분위:3,741,083~4,890,361원","7342"
"수서동","11680750","dong","8분위:3,741,083~4,890,361원","7985","8분위:3,741,083~4,890,361원","7762","8분위:3,741,083~4,890,361원","7868"
"송파구","11710","gu","8분위:3,741,083~4,890,361원","261408","8분위:3,741,083~4,890,361원","268569","8분위:3,741,083~4,890,361원","278057"
"풍납1동","11710510","dong","7분위:2,983,559~3,741,082원","6395","7분위:2,983,559~3,741,082원","6833","7분위:2,983,559~3,741,082원","6579"
"풍납2동","11710520","dong","8분위:3,741,083~4,890,361원","9189","8분위:3,741,083~4,890,361원","10049","8분위:3,741,083~4,890,361원","10396"
"거여1동","11710531","dong","6분위:2,440,600~2,983,558원","5305","6분위:2,440,600~2,983,558원","5085","6분위:2,440,600~2,983,558원","5482"
"거여2동","11710532","dong","7분위:2,983,559~3,741,082원","7504","7분위:2,983,559~3,741,082원","7043","7분위:2,983,559~3,741,082원","7060"
"마천1동","11710540","dong","6분위:2,440,600~2,983,558원","8635","5분위:2,020,852~2,440,599원","8347","5분위:2,020,852~2,440,599원","8249"
"마천2동","11710550","dong","6분위:2,440,600~2,983,558원","9715","6분위:2,440,600~2,983,558원","9434","5분위:2,020,852~2,440,599원","9494"
"방이1동","11710561","dong","8분위:3,741,083~4,890,361원","5804","8분위:3,741,083~4,890,361원","6180","8분위:3,741,083~4,890,361원","6233"
"방이2동","11710562","dong","7분위:2,983,559~3,741,082원","11877","7분위:2,983,559~3,741,082원","12648","6분위:2,440,600~2,983,558원","13455"
"오륜동","11710566","dong","9분위:4,890,362~6,945,811원","6559","9분위:4,890,362~6,945,811원","6028","9분위:4,890,362~6,945,811원","5970"
"오금동","11710570","dong","8분위:3,741,083~4,890,361원","14244","7분위:2,983,559~3,741,082원","15492","7분위:2,983,559~3,741,082원","15791"
"송파1동","11710580","dong","7분위:2,983,559~3,741,082원","12047","7분위:2,983,559~3,741,082원","12298","7분위:2,983,559~3,741,082원","12413"
"송파2동","11710590","dong","8분위:3,741,083~4,890,361원","7549","8분위:3,741,083~4,890,361원","7290","8분위:3,741,083~4,890,361원","7378"
"석촌동","11710600","dong","7분위:2,983,559~3,741,082원","15943","7분위:2,983,559~3,741,082원","16649","6분위:2,440,600~2,983,558원","16901"
"삼전동","11710610","dong","6분위:2,440,600~2,983,558원","15817","6분위:2,440,600~2,983,558원","16303","6분위:2,440,600~2,983,558원","16287"
"가락본동","11710620","dong","8분위:3,741,083~4,890,361원","11530","8분위:3,741,083~4,890,361원","11848","7분위:2,983,559~3,741,082원","11890"
"가락1동","11710631","dong","8분위:3,741,083~4,890,361원","406","8분위:3,741,083~4,890,361원","353","9분위:4,890,362~6,945,811원","9766"
"가락2동","11710632","dong","8분위:3,741,083~4,890,361원","12303","8분위:3,741,083~4,890,361원","12128","8분위:3,741,083~4,890,361원","12298"
"문정1동","11710641","dong","8분위:3,741,083~4,890,361원","8545","8분위:3,741,083~4,890,361원","8688","7분위:2,983,559~3,741,082원","8454"
"문정2동","11710642","dong","8분위:3,741,083~4,890,361원","11899","9분위:4,890,362~6,945,811원","15113","8분위:3,741,083~4,890,361원","15698"
"장지동","11710646","dong","7분위:2,983,559~3,741,082원","13625","7분위:2,983,559~3,741,082원","13335","7분위:2,983,559~3,741,082원","12928"
"위례동","11710647","dong","5분위:2,020,852~2,440,599원","7918","5분위:2,020,852~2,440,599원","9170","8분위:3,741,083~4,890,361원","9147"
"잠실본동","11710650","dong","7분위:2,983,559~3,741,082원","14165","7분위:2,983,559~3,741,082원","14470","7분위:2,983,559~3,741,082원","15115"
"잠실2동","11710670","dong","9분위:4,890,362~6,945,811원","12799","9분위:4,890,362~6,945,811원","12051","9분위:4,890,362~6,945,811원","11974"
"잠실3동","11710680","dong","9분위:4,890,362~6,945,811원","10856","9분위:4,890,362~6,945,811원","12364","9분위:4,890,362~6,945,811원","12188"
"잠실4동","11710690","dong","9분위:4,890,362~6,945,811원","10949","9분위:4,890,362~6,945,811원","10414","9분위:4,890,362~6,945,811원","7501"
"잠실6동","11710710","dong","9분위:4,890,362~6,945,811원","6109","9분위:4,890,362~6,945,811원","5513","9분위:4,890,362~6,945,811원","5933"
"잠실7동","11710720","dong","9분위:4,890,362~6,945,811원","3721","9분위:4,890,362~6,945,811원","3443","9분위:4,890,362~6,945,811원","3477"
"강동구","11740","gu","7분위:2,983,559~3,741,082원","177249","7분위:2,983,559~3,741,082원","176676","7분위:2,983,559~3,741,082원","176439"
"강일동","11740515","dong","7분위:2,983,559~3,741,082원","11303","7분위:2,983,559~3,741,082원","11155","7분위:2,983,559~3,741,082원","11148"
"상일동","11740520","dong","7분위:2,983,559~3,741,082원","3713","7분위:2,983,559~3,741,082원","4200","7분위:2,983,559~3,741,082원","4078"
"명일1동","11740530","dong","8분위:3,741,083~4,890,361원","7183","8분위:3,741,083~4,890,361원","8124","7분위:2,983,559~3,741,082원","8071"
"명일2동","11740540","dong","8분위:3,741,083~4,890,361원","5837","8분위:3,741,083~4,890,361원","5928","8분위:3,741,083~4,890,361원","5973"
"고덕1동","11740550","dong","8분위:3,741,083~4,890,361원","9241","8분위:3,741,083~4,890,361원","9006","8분위:3,741,083~4,890,361원","9046"
"고덕2동","11740560","dong","6분위:2,440,600~2,983,558원","3769","6분위:2,440,600~2,983,558원","3508","6분위:2,440,600~2,983,558원","3265"
"암사1동","11740570","dong","7분위:2,983,559~3,741,082원","16263","6분위:2,440,600~2,983,558원","16241","6분위:2,440,600~2,983,558원","16097"
"암사2동","11740580","dong","8분위:3,741,083~4,890,361원","5957","8분위:3,741,083~4,890,361원","5881","7분위:2,983,559~3,741,082원","5873"
"암사3동","11740590","dong","8분위:3,741,083~4,890,361원","6623","8분위:3,741,083~4,890,361원","6339","8분위:3,741,083~4,890,361원","6355"
"천호1동","11740600","dong","6분위:2,440,600~2,983,558원","12987","6분위:2,440,600~2,983,558원","12898","6분위:2,440,600~2,983,558원","12768"
"천호2동","11740610","dong","6분위:2,440,600~2,983,558원","16821","6분위:2,440,600~2,983,558원","17350","6분위:2,440,600~2,983,558원","17482"
"천호3동","11740620","dong","7분위:2,983,559~3,741,082원","11752","7분위:2,983,559~3,741,082원","13539","7분위:2,983,559~3,741,082원","13569"
"성내1동","11740640","dong","7분위:2,983,559~3,741,082원","8401","7분위:2,983,559~3,741,082원","8177","7분위:2,983,559~3,741,082원","8126"
"성내2동","11740650","dong","6분위:2,440,600~2,983,558원","11998","6분위:2,440,600~2,983,558원","12379","6분위:2,440,600~2,983,558원","12458"
"성내3동","11740660","dong","7분위:2,983,559~3,741,082원","10076","7분위:2,983,559~3,741,082원","10144","6분위:2,440,600~2,983,558원","10286"
"길동","11740685","dong","7분위:2,983,559~3,741,082원","21234","7분위:2,983,559~3,741,082원","20437","6분위:2,440,600~2,983,558원","20473"
"둔촌1동","11740690","dong","7분위:2,983,559~3,741,082원","2870","7분위:2,983,559~3,741,082원","187","7분위:2,983,559~3,741,082원","164"
"둔촌2동","11740700","dong","7분위:2,983,559~3,741,082원","11221","7분위:2,983,559~3,741,082원","11183","7분위:2,983,559~3,741,082원","11207"
