NM,CD,GUBUN,자치구,행정동,남자 인구수,여자 인구수,1인세대,2인세대,3인세대,4인세대,5인세대,0~9세,10~19세,20~29세,30~39세,40~49세,50~59세,60~69세,70~79세,80~89세,90~99세,주거인구,직장인구,편의점 수,폐업률,지하철역 수,1층 임대시세
종로구,11110,gu,종로구,계,74190,77836,36390,13987,10916,9116,2546,8665,12793,28545,22467,24451,26894,19318,12616,5442,978,153898.0124,215862.7414,347,2.9,11,228660
청운효자동,11110515,dong,종로구,청운효자동,6029,6860,1956,1129,999,953,245,914,1326,1729,1879,2333,2006,1341,1049,475,75,13781.27239,11631.05545,12,0,0,144858
사직동,11110530,dong,종로구,사직동,4256,5191,2224,885,680,531,168,642,757,1236,1463,1608,1567,1138,791,422,83,9749.009247,50170.87853,27,3.7,2,172166
삼청동,11110540,dong,종로구,삼청동,1335,1468,743,250,182,149,52,157,241,356,472,434,477,418,300,143,25,3018.262012,7079.371558,6,33.3,0,188928
부암동,11110550,dong,종로구,부암동,4801,5267,1630,936,753,696,189,601,937,1635,1412,1649,1727,1254,798,379,75,10352.81942,4176.485337,14,0,0,109919
평창동,11110560,dong,종로구,평창동,8747,9920,2410,1665,1490,1385,422,1204,1824,2622,2346,2888,3348,2302,1413,698,149,19825.17102,20406.45149,14,0,0,110142
무악동,11110570,dong,종로구,무악동,4046,4609,727,681,732,783,183,751,1050,948,1001,1635,1386,953,639,275,49,6509.421472,602.8860157,4,0,1, 
교남동,11110580,dong,종로구,교남동,4926,5683,1610,1107,917,745,145,953,858,1336,1938,1904,1569,1141,716,287,44,10468.46456,1374.31847,15,6.7,0,230131
가회동,11110600,dong,종로구,가회동,2028,2336,913,438,341,247,69,221,362,498,630,790,757,562,444,163,36,4247.959498,5563.327212,9,0,0,157309
종로1.2.3.4가동,11110615,dong,종로구,종로1.2.3.4가동,4390,2974,4189,518,297,211,54,296,342,1136,1137,1210,1605,1460,841,349,89,7140.870893,87280.64058,111,3.6,3,282442
종로5.6가동,11110630,dong,종로구,종로5.6가동,2859,2344,2105,496,295,200,58,141,327,1185,705,719,1045,759,546,193,40,5263.23689,11340.9747,26,3.8,2,284292
이화동,11110640,dong,종로구,이화동,3757,4241,2712,790,504,368,102,304,558,2104,1477,1093,1176,904,628,286,39,8439.323381,4636.772873,21,0,0,138692
혜화동,11110650,dong,종로구,혜화동,8190,8781,5523,1429,1046,894,247,808,1793,7236,2451,2378,2317,1550,1259,577,77,16393.44771,5690.160104,38,0,1,149872
창신1동,11110670,dong,종로구,창신1동,2859,2438,1724,567,340,214,85,211,318,886,695,869,1395,1018,542,187,39,5777.220112,2052.268805,9,0,0,275905
창신2동,11110680,dong,종로구,창신2동,4416,4236,1918,870,653,493,154,338,627,1636,1120,1445,2165,1385,811,295,40,8908.347201,390.2203835,4,0,0,82466
창신3동,11110690,dong,종로구,창신3동,3548,3635,891,668,635,490,169,432,614,1070,1095,1062,1333,937,534,225,40,7557.461962,237.2011284,2,0,1, 
숭인1동,11110700,dong,종로구,숭인1동,3100,3183,1357,649,486,353,103,350,451,895,1002,1060,1220,866,537,214,32,5368.806936,471.1183941,8,0,0,100054
숭인2동,11110710,dong,종로구,숭인2동,4903,4670,3758,909,566,404,101,342,408,2037,1644,1374,1801,1330,768,274,46,10158.63255,2201.962246,27,3.7,1,122919
중구,11140,gu,중구,계,62086,64057,30425,12963,9226,7133,1778,8045,8065,21786,22555,20174,22629,17275,10348,4438,774,119084.8667,378266.6875,427,2.8,14,218957
소공동,11140520,dong,중구,소공동,1005,1045,633,199,152,98,17,290,165,303,723,641,419,291,119,45,12,1132.819476,93098.10472,51,2,1,185791
회현동,11140540,dong,중구,회현동,2881,2415,2172,439,289,222,67,259,243,570,707,854,1168,1126,582,263,88,4171.067605,29190.08428,45,2.2,2,369703
명동,11140550,dong,중구,명동,1176,1633,945,212,137,83,25,143,149,444,490,569,598,572,310,132,31,2823.850071,111028.6052,86,1.2,2,188645
필동,11140570,dong,중구,필동,2115,1927,1421,407,236,167,55,231,291,1367,785,548,687,612,349,163,46,3169.311015,16417.8908,32,3.1,1,145000
장충동,11140580,dong,중구,장충동,2404,2324,1680,451,242,226,71,229,417,1736,780,715,672,547,379,163,27,6250.733556,14933.35122,17,5.9,1,82778
광희동,11140590,dong,중구,광희동,2640,2319,1854,529,284,190,50,204,254,1204,963,828,1106,924,522,197,32,4900.326944,42815.31607,49,0,1,194541
을지로동,11140605,dong,중구,을지로동,1100,702,1057,152,68,38,12,55,42,307,296,218,386,390,195,79,21,1672.513492,14441.85009,29,3.4,2,179209
신당동,11140615,dong,중구,신당동,3820,3808,2716,809,456,337,75,338,409,1849,1570,1379,1795,1048,658,236,48,7440.645339,3457.952807,34,5.9,1,295992
다산동,11140625,dong,중구,다산동,7096,7471,3089,1616,1076,890,197,682,1006,2633,2438,2244,2437,1894,1224,437,66,14015.59165,6443.917172,17,11.8,1,124656
약수동,11140635,dong,중구,약수동,8289,9305,2815,2014,1524,1064,274,1301,1097,2113,2697,2677,2924,2528,1578,760,119,16734.2043,29571.07942,12,0,2,208637
청구동,11140645,dong,중구,청구동,6912,7613,2470,1533,1176,951,243,915,1033,2099,2389,2173,2476,1811,1178,567,81,14454.58602,2999.878301,6,16.7,0,85949
신당5동,11140650,dong,중구,신당5동,4856,4953,2320,989,744,562,133,628,617,1534,1603,1616,1813,1234,759,291,35,11316.73148,1349.563581,9,0,0,119862
동화동,11140665,dong,중구,동화동,5277,5708,1158,945,868,884,240,842,922,1608,1542,1716,2005,1336,738,378,63,8947.39872,1195.822438,13,0,0,105333
황학동,11140670,dong,중구,황학동,6129,6480,3624,1415,906,594,156,836,594,2410,2998,1938,2081,1519,861,321,45,12459.06242,1921.426697,13,7.7,0,153197
중림동,11140680,dong,중구,중림동,6386,6354,2471,1253,1068,827,163,1092,826,1609,2574,2058,2062,1443,896,406,60,7807.767403,5193.036571,14,0,0,126439
용산구,11170,gu,용산구,계,110560,118562,51507,22654,16920,13783,3585,15818,17857,35824,42364,39762,38567,27831,17218,8002,1476,231485.8962,193474.3517,289,3.1,13,139753
후암동,11170510,dong,용산구,후암동,8786,9290,3989,1738,1391,1037,300,1127,1447,2708,3040,2981,3080,2180,1319,572,136,18028.92449,2232.199715,17,5.9,0,108065
용산2가동,11170520,dong,용산구,용산2가동,5110,5461,2784,1229,771,523,137,538,741,1926,2300,1762,1704,1495,930,408,73,9961.086226,1817.024667,18,5.6,1,89716
남영동,11170530,dong,용산구,남영동,4792,3036,4185,587,314,258,66,276,322,1176,1161,1311,1810,1357,697,267,64,12654.36234,35324.20133,31,0,3,106393
청파동,11170555,dong,용산구,청파동,9517,10488,6132,1974,1220,986,266,805,1402,4346,3273,3073,3299,2323,1565,624,92,21274.47342,6327.281151,27,7.4,0,125233
원효로1동,11170560,dong,용산구,원효로1동,7591,8097,3520,1641,1201,943,220,1439,916,2487,3751,2679,2203,1569,834,345,72,14152.93555,5058.052517,21,4.8,0,103644
원효로2동,11170570,dong,용산구,원효로2동,6909,7790,2047,1316,1174,1088,286,1062,1422,1933,2218,2504,2363,1705,1047,509,71,11580.95475,4320.950842,15,6.7,0,103263
효창동,11170580,dong,용산구,효창동,4622,5088,1402,928,759,689,189,773,812,1498,1767,1540,1491,947,622,319,48,8537.871544,1635.965751,10,0,0,112788
용문동,11170590,dong,용산구,용문동,6024,6555,1896,1297,1025,868,226,889,986,1805,2133,2006,2030,1505,930,354,63,12639.89712,2724.658121,7,0,1,140551
한강로동,11170625,dong,용산구,한강로동,8618,9203,5374,1834,1233,896,194,1137,1021,2786,3906,2948,3194,2294,1320,600,135,13481.42101,43363.29502,45,2.2,4,154658
이촌1동,11170630,dong,용산구,이촌1동,13186,15082,2239,2239,2619,2421,555,3061,3139,3021,4005,5459,4457,2816,1894,1114,215,36982.96565,16186.0512,13,0,0,313893
이촌2동,11170640,dong,용산구,이촌2동,4203,4736,1315,1049,755,558,139,614,583,1016,1581,1294,1454,1291,773,358,66,9165.030938,2252.336056,4,0,0,92229
이태원1동,11170650,dong,용산구,이태원1동,3272,3672,2162,728,439,324,89,402,416,1787,1779,1301,1320,1053,648,374,64,6780.549182,12691.39357,25,4,1,226931
이태원2동,11170660,dong,용산구,이태원2동,4339,5042,2598,1015,660,449,126,638,630,1633,2134,1723,1491,1222,898,407,72,9293.484323,2996.730443,14,7.1,0,160846
한남동,11170685,dong,용산구,한남동,9922,10599,6088,2284,1380,920,262,1449,1429,3202,4858,3995,3598,2710,1630,626,134,19398.69636,41921.35818,23,0,2,147759
서빙고동,11170690,dong,용산구,서빙고동,6480,6953,1733,1107,949,1101,341,963,1655,1886,1759,2712,2325,1363,866,595,74,17030.94057,17692.05188,9,0,1,144110
보광동,11170700,dong,용산구,보광동,7189,7470,4043,1688,1030,722,189,645,936,2614,2699,2474,2748,2001,1245,530,97,12046.53362,1994.068474,10,0,0,86167
성동구,11200,gu,성동구,계,149412,155524,55571,29586,24935,20648,4622,22785,22711,49741,53464,49301,50355,35256,20277,7779,1083,314338.9502,86469.5858,311,5.5,16,125396
왕십리2동,11200520,dong,성동구,왕십리2동,8566,9039,2896,1671,1472,1204,271,1312,1381,2683,3212,2841,2905,2035,1121,415,64,19125.3303,1336.676582,10,0,1,118056
왕십리도선동,11200535,dong,성동구,왕십리도선동,13072,14307,4406,2458,2338,2005,423,2579,1722,4624,5072,4223,4517,2786,1588,658,90,26923.27383,4879.023283,32,9.4,0,136197
마장동,11200540,dong,성동구,마장동,11616,11907,4779,2300,1774,1527,377,1386,1891,4800,3482,3351,4007,2869,1671,646,84,22683.12344,3979.920572,15,0,1,131807
사근동,11200550,dong,성동구,사근동,6073,5729,5241,948,574,504,132,496,1018,5695,1860,1263,1280,945,743,255,33,10857.30951,2691.080313,34,0,2,139365
행당1동,11200560,dong,성동구,행당1동,7904,8283,3036,1535,1342,1098,238,1117,1167,2935,2737,2553,2714,1877,1091,407,57,18492.3891,9926.886166,18,0,1,169283
행당2동,11200570,dong,성동구,행당2동,11674,13161,2353,2340,2182,2085,403,2065,2387,3106,3882,4525,3919,2662,1641,620,98,22985.32143,290.2906187,7,0,1,191129
응봉동,11200580,dong,성동구,응봉동,7665,8538,1598,1387,1427,1346,322,1302,1839,1808,2368,3170,2434,1655,1171,453,62,16979.20166,1330.987921,3,0,1,157901
금호1가동,11200590,dong,성동구,금호1가동,7637,8302,2091,1652,1419,1145,250,1328,1204,1956,2952,2664,2459,1905,1066,451,47,16766.95716,2557.883431,8,25,1, 
금호2.3가동,11200615,dong,성동구,금호2.3가동,11511,12651,3543,2571,2128,1622,357,1908,1681,3088,4505,4017,3743,2869,1754,670,108,24298.02228,1101.994325,13,0,0,147156
금호4가동,11200620,dong,성동구,금호4가동,7268,7924,2163,1593,1479,986,218,1520,1024,1718,2954,2703,2236,1706,1034,388,54,13513.46092,1042.744126,9,0,1,100600
옥수동,11200645,dong,성동구,옥수동,12687,14380,3183,2797,2547,1874,435,2755,1773,3201,5547,4466,4038,3016,1701,702,123,43289.72556,8592.166255,11,36.4,1,184328
성수1가1동,11200650,dong,성동구,성수1가1동,8558,8541,3092,1661,1329,1241,254,1165,1318,2712,3039,2751,3148,1922,957,351,46,14873.36016,3846.467564,23,0,0,104413
성수1가2동,11200660,dong,성동구,성수1가2동,7427,7508,3187,1454,1155,969,221,961,1079,2538,2891,2437,2403,1733,913,358,47,13815.66294,6092.19493,29,6.9,2,128943
성수2가1동,11200670,dong,성동구,성수2가1동,9085,8359,4169,1768,1316,1053,230,976,1112,2613,2862,2744,3592,2523,1217,438,69,18463.37967,9522.930159,23,4.3,0,79241
성수2가3동,11200690,dong,성동구,성수2가3동,5849,5590,2902,1049,812,670,176,667,617,2141,2129,1624,1999,1468,795,309,29,10947.13361,23258.73802,53,7.5,1,119524
송정동,11200720,dong,성동구,송정동,5924,5226,2775,1146,818,631,168,641,691,1830,1900,1768,2230,1528,743,260,33,14444.38555,1923.695136,8,0,0,86989
용답동,11200790,dong,성동구,용답동,6896,6079,4157,1256,823,688,147,607,807,2293,2072,2201,2731,1757,1071,398,39,14626.74448,5162.896608,15,6.7,3,124298
광진구,11215,gu,광진구,계,171800,182078,72629,33104,27031,24147,5342,23086,29175,67327,61920,57153,59467,40320,21752,7915,1159,342186.6581,75899.44915,396,4.3,9,119527
화양동,11215710,dong,광진구,화양동,10485,11423,12427,1992,758,600,110,529,1184,11096,4634,2362,2296,1707,1035,392,60,22131.67125,3042.434203,63,6.3,1,167699
군자동,11215730,dong,광진구,군자동,9874,10088,5788,2021,1345,1090,235,1143,1300,5487,4005,2796,3190,2257,1369,474,54,19829.25006,2777.386817,27,0,0,101971
중곡1동,11215740,dong,광진구,중곡1동,7920,8136,3854,1809,1246,862,193,941,900,2687,3240,2408,2781,2018,1146,327,54,16599.32744,3701.882479,16,0,0,82569
중곡2동,11215750,dong,광진구,중곡2동,10723,11536,4411,2316,1787,1413,319,1422,1556,3868,4162,3278,3820,2579,1403,437,72,22558.99796,2917.546948,24,4.2,0,86724
중곡3동,11215760,dong,광진구,중곡3동,8598,8720,3950,1927,1330,978,247,942,1129,2788,2966,2568,3235,2195,1257,409,63,17491.97768,1631.759051,20,5,1,98827
중곡4동,11215770,dong,광진구,중곡4동,14983,15419,4887,3054,2592,2033,496,1804,2301,4642,4787,4642,5679,3952,2200,661,96,31257.58942,4896.789884,22,9.1,0,114231
능동,11215780,dong,광진구,능동,5324,6219,3445,1295,748,518,153,679,599,2392,2833,1637,1513,1190,735,257,49,11525.46215,2711.459474,17,0,3,147636
광장동,11215810,dong,광진구,광장동,17421,18573,2186,1904,3003,4033,697,3475,5744,4247,4233,8027,5272,2852,1452,737,122,28932.01121,10456.21743,25,4,1,143667
자양1동,11215820,dong,광진구,자양1동,11205,11970,5555,2430,1702,1364,316,1253,1691,4468,4278,3742,4087,2745,1497,508,70,21237.24674,11404.47486,24,4.2,0,120657
자양2동,11215830,dong,광진구,자양2동,13154,13639,3926,2498,2224,1996,453,1923,2136,4060,4522,4375,4549,3384,1622,559,81,28030.79968,5361.616651,21,4.8,1,93207
자양3동,11215840,dong,광진구,자양3동,14160,15233,2875,2351,2492,2620,544,2640,2838,4139,4643,4870,4836,3297,1551,758,102,32379.63389,3850.528409,27,0,1,116743
자양4동,11215847,dong,광진구,자양4동,9516,9431,5065,2015,1405,976,259,1065,1104,3957,3625,3440,4984,3227,1610,563,74,21714.05985,1419.932475,33,0,0,149053
구의1동,11215850,dong,광진구,구의1동,10746,11708,6178,2387,1595,1178,297,1095,1398,4724,4593,3461,3577,2328,1417,516,67,22801.14628,3790.741193,29,13.8,0,103925
구의2동,11215860,dong,광진구,구의2동,13410,14292,4045,2592,2321,2035,482,2065,2563,3855,4412,4647,4650,3350,1837,649,87,25647.62544,4018.301231,18,0,0,142331
구의3동,11215870,dong,광진구,구의3동,14281,15691,4037,2513,2483,2451,541,2110,2732,4917,4987,4900,4998,3239,1621,668,108,21435.1593,10125.14005,30,6.7,1,126403
동대문구,11230,gu,동대문구,계,172490,174011,74224,32907,26139,22265,5513,22838,26994,64679,54062,53991,56462,44375,27580,10380,1475,336386.7409,80428.89719,379,2.9,7,113019
용신동,11230536,dong,동대문구,용신동,15711,14883,9975,3033,1926,1515,384,1553,1634,5951,5433,4598,5220,3894,2575,1029,153,30616.66952,24282.01168,54,3.7,2,102637
제기동,11230545,dong,동대문구,제기동,12918,12301,6910,2592,1728,1310,366,1194,1680,5957,3761,3469,4170,3773,2536,1040,136,24382.72089,5258.373824,27,0,1,111502
전농1동,11230560,dong,동대문구,전농1동,15469,15142,7208,2957,2357,1829,445,2052,2164,4823,4609,4594,5196,4051,2507,973,135,32346.78954,1873.966453,29,6.9,0,119223
전농2동,11230570,dong,동대문구,전농2동,9497,10277,2180,1849,1709,1495,390,1431,1920,2720,2610,3310,3336,2562,1591,676,65,17329.06539,4131.42123,16,0,0,91775
답십리1동,11230600,dong,동대문구,답십리1동,14334,15125,4795,2622,2428,2130,512,2896,2120,4231,5835,4708,4490,3003,1803,688,106,26209.92989,7333.097896,30,0,0,158231
답십리2동,11230610,dong,동대문구,답십리2동,14771,15347,4299,3054,2493,2200,504,2024,2367,4061,4500,4749,5276,4003,2437,906,104,28184.356,2725.398647,17,5.9,0,91945
장안1동,11230650,dong,동대문구,장안1동,19328,19300,7206,3727,3117,2541,638,2792,2812,5374,6693,6512,6326,5042,2729,826,133,34570.22363,10146.30826,56,0,0,100258
장안2동,11230660,dong,동대문구,장안2동,15749,15768,4446,2809,2678,2385,544,2821,2871,3765,5032,5639,4886,3908,2109,653,119,29534.35563,6688.365055,34,0,0,101187
청량리동,11230705,dong,동대문구,청량리동,10840,10764,4957,2307,1597,1221,338,1013,1340,2803,2724,3019,4123,3684,2454,966,135,21657.96505,5464.353994,16,12.5,1,93760
회기동,11230710,dong,동대문구,회기동,4915,5401,3860,872,601,490,141,547,987,5182,1747,1396,1205,972,701,294,58,9324.164006,777.9299572,22,0,0,138870
휘경1동,11230720,dong,동대문구,휘경1동,6748,6762,3912,1260,899,769,176,647,1004,4221,2149,1912,2181,1634,1093,435,59,15884.13485,1902.364155,16,6.3,1,143601
휘경2동,11230730,dong,동대문구,휘경2동,12146,12383,5355,2106,1784,1683,422,1488,2297,5459,3340,3666,3630,2879,1713,603,93,21190.68223,4069.278767,17,0,0,111380
이문1동,11230740,dong,동대문구,이문1동,9887,9854,6397,1817,1160,1069,262,911,1798,7134,2852,2898,2928,2303,1605,653,101,26407.64576,4206.630249,33,6.1,1,113825
이문2동,11230750,dong,동대문구,이문2동,10177,10704,2724,1902,1662,1628,391,1469,2000,2998,2777,3521,3495,2667,1727,638,78,21278.61229,1664.55254,12,8.3,1,197056
중랑구,11260,gu,중랑구,계,198906,201755,73677,41039,32438,26181,6343,25869,29713,58045,62100,61207,72855,53967,29902,10361,1439,407633.339,41593.93807,302,1.3,11,93253
면목2동,11260520,dong,중랑구,면목2동,13008,12899,5379,2722,2014,1603,398,1548,1906,3580,3810,4164,5125,3438,1924,668,88,25645.57412,1690.647095,21,4.8,0,74210
면목4동,11260540,dong,중랑구,면목4동,9972,10094,3942,2148,1648,1241,283,1271,1417,2791,3136,3218,3477,2767,1754,457,72,27399.55371,2026.324947,11,0,1,67706
면목5동,11260550,dong,중랑구,면목5동,5054,4814,1888,1093,811,616,139,592,719,1327,1527,1540,1880,1363,774,248,30,10728.7526,1381.249831,6,16.7,0,72565
면목본동,11260565,dong,중랑구,면목본동,17718,17858,8270,3930,2820,2016,439,1955,2313,5579,5995,5546,6739,4637,2665,856,97,42818.62602,2336.041839,30,0,1,93715
면목7동,11260570,dong,중랑구,면목7동,10838,10911,4244,2303,1784,1352,307,1263,1343,3128,3272,3258,4069,3233,1779,621,75,15890.76768,994.6196996,17,0,0,126737
면목3.8동,11260575,dong,중랑구,면목3.8동,13196,13218,5529,2895,2139,1560,359,1351,1799,4048,3968,3908,4950,3794,2237,704,98,27222.97853,4038.942837,21,0,1,93461
상봉1동,11260580,dong,중랑구,상봉1동,12424,13007,3029,2313,2225,2081,428,1995,2233,3804,3875,3794,4620,3034,1568,585,74,24598.476,2257.540125,17,0,0,114677
상봉2동,11260590,dong,중랑구,상봉2동,9393,9767,6002,2160,1309,879,189,894,963,3635,3928,2748,3217,2341,1272,426,58,19283.78384,5735.192134,37,0,2,91664
중화1동,11260600,dong,중랑구,중화1동,10227,10548,3173,2192,1796,1392,344,1443,1491,3147,3481,2962,3650,2831,1401,505,67,22808.27798,1670.095683,20,0,1,61484
중화2동,11260610,dong,중랑구,중화2동,14338,13505,7290,3200,2080,1404,345,1272,1527,4168,4260,4036,5792,4122,2345,783,103,28568.30786,1607.13951,15,0,1,114209
묵1동,11260620,dong,중랑구,묵1동,17531,18415,4638,3281,3051,2736,661,2728,3274,4942,5550,6069,5737,4333,2490,873,104,36928.2831,3043.58435,22,4.5,1,100885
묵2동,11260630,dong,중랑구,묵2동,9822,10083,3852,2081,1670,1210,311,1273,1370,2892,3449,3006,3365,2781,1472,459,62,20363.48707,2283.707598,14,7.1,0,74118
망우본동,11260655,dong,중랑구,망우본동,15805,15368,6634,3224,2439,1891,469,1696,2134,4398,4462,4532,6121,4700,2455,881,138,29136.77721,3539.649629,29,0,2,102718
망우3동,11260660,dong,중랑구,망우3동,8984,8859,3681,1981,1467,1045,245,999,1352,2578,2481,2657,3504,2565,1440,504,77,18513.25269,1294.66884,11,0,0,66933
신내1동,11260680,dong,중랑구,신내1동,19969,20887,3394,3279,3176,3504,1083,3956,3888,5298,5636,6254,6857,5028,2754,1117,203,43341.42079,4573.249427,22,0,0,90579
신내2동,11260690,dong,중랑구,신내2동,10627,11522,2732,2237,2009,1651,343,1633,1984,2730,3270,3515,3752,3000,1572,674,93,23570.17445,3963.126677,9,0,1,168207
성북구,11290,gu,성북구,계,213648,226749,73240,40021,35080,31823,7684,31409,40645,72163,63834,73899,70345,52200,32823,12817,1803,432611.5834,94185.41471,357,4.2,11,109228
성북동,11290525,dong,성북구,성북동,8112,9077,3692,1720,1207,979,317,939,1380,2897,2757,2815,2842,1954,1387,639,113,12250.63213,21337.67534,15,0,0,123956
삼선동,11290555,dong,성북구,삼선동,12520,13579,6178,2501,1800,1668,412,1423,2289,4890,3969,4276,4129,2847,1926,805,109,28470.38986,5596.596433,36,2.8,2,124730
동선동,11290575,dong,성북구,동선동,6590,8937,5686,1464,972,676,175,653,1142,4775,2719,2168,1893,1435,1085,410,72,15823.10956,12527.62885,42,4.8,0,140172
돈암1동,11290580,dong,성북구,돈암1동,7484,8530,1789,1541,1364,1244,290,945,1528,2252,2162,2465,2843,2087,1266,506,61,16810.65995,2698.964037,7,0,0,103208
돈암2동,11290590,dong,성북구,돈암2동,11918,13081,1562,1759,2223,2283,555,2298,3015,3036,3245,4814,4026,2498,1402,662,97,21839.8176,3166.298723,5,20,0, 
안암동,11290600,dong,성북구,안암동,7789,7571,5838,1405,898,719,156,559,1153,6166,2433,1924,2181,1457,1029,426,51,15442.82552,5583.649282,49,6.1,1,125533
보문동,11290610,dong,성북구,보문동,7997,8512,3764,1566,1284,1059,228,1101,1114,3031,2887,2643,2691,1812,1060,444,68,17091.43425,7233.023448,18,5.6,1,94935
정릉1동,11290620,dong,성북구,정릉1동,9199,9760,2181,1615,1633,1509,362,1585,1987,2750,2870,3425,2828,2130,1365,533,66,19046.3614,1793.055883,14,0,1,82374
정릉2동,11290630,dong,성북구,정릉2동,11656,12143,3007,2291,1996,1799,413,1685,2153,3325,3221,3884,3834,3246,1918,721,89,24689.12814,2027.22151,14,7.1,0,146211
정릉3동,11290640,dong,성북구,정릉3동,7945,7932,3969,1501,1086,879,251,782,1282,4066,2173,2162,2479,2128,1512,611,105,18135.92589,2895.965539,15,6.7,0,98705
정릉4동,11290650,dong,성북구,정릉4동,12926,13703,3603,2568,2276,1931,484,1989,2436,3465,3794,4564,4244,3458,2144,766,118,22574.51995,1794.972655,15,6.7,1,137973
길음1동,11290660,dong,성북구,길음1동,17694,19415,2547,2439,3146,3759,754,4453,4869,3530,5458,8175,4724,3167,2043,750,114,35331.27732,2122.074322,6,0,1,139858
길음2동,11290685,dong,성북구,길음2동,7866,8262,2301,1399,1361,1260,287,1336,1409,2152,2523,2834,2597,1934,1027,387,55,10394.91294,594.1514838,5,0,0,147536
종암동,11290705,dong,성북구,종암동,20080,20527,6296,3538,3264,3062,770,3120,4111,7163,5752,6927,6524,4451,2877,1297,217,39904.22011,6371.664246,27,0,1,92412
월곡1동,11290715,dong,성북구,월곡1동,13322,14163,3127,2427,2265,2244,542,2358,2780,3186,3786,4934,4312,3418,2077,741,88,26276.47852,2512.296621,16,0,0,101653
월곡2동,11290725,dong,성북구,월곡2동,9780,10288,3929,1857,1524,1347,346,1320,1584,3653,3031,3097,3142,2530,1550,625,87,20683.79255,4967.74989,23,4.3,2,97317
장위1동,11290760,dong,성북구,장위1동,10259,10552,3342,2122,1666,1421,355,1080,1777,3067,2597,3237,4033,2876,1673,607,69,20440.2221,1274.025246,11,0,0,53492
장위2동,11290770,dong,성북구,장위2동,7043,7064,2472,1570,1148,847,231,639,1044,1891,1698,2155,2671,2228,1428,522,71,14924.70215,2228.344356,9,0,1,84513
장위3동,11290780,dong,성북구,장위3동,5846,5775,1673,1048,945,882,222,888,1102,1444,1488,1940,2099,1552,943,313,30,11442.48578,1319.495621,3,33.3,0,114259
석관동,11290810,dong,성북구,석관동,17622,17878,6284,3690,3022,2255,534,2256,2490,5424,5271,5460,6253,4992,3111,1052,123,31983.73749,3849.596313,27,7.4,0,90949
강북구,11305,gu,강북구,계,154101,161486,58739,33271,25261,19897,5014,18165,24609,44557,42866,50089,54639,43554,29232,10080,1356,319302.4542,29124.53618,273,5.1,11,97288
삼양동,11305534,dong,강북구,삼양동,12860,12994,4593,2704,2124,1635,438,1537,2278,3325,3412,4073,4643,3639,2227,753,114,25442.41446,1185.573833,13,7.7,3,93911
미아동,11305535,dong,강북구,미아동,10814,11717,5614,2435,1654,1242,307,997,1547,3906,3218,3347,4010,3190,2027,726,83,25356.79576,2132.731372,34,2.9,1,94767
송중동,11305545,dong,강북구,송중동,13765,14748,5580,2821,2191,1789,467,1469,2091,4172,4013,4532,5013,4165,2662,857,107,27051.4854,2261.892145,26,3.8,1,116732
송천동,11305555,dong,강북구,송천동,14187,14348,6203,3152,2233,1668,406,1335,1933,3962,3785,4280,5495,4346,2769,972,135,28375.71003,2098.026394,26,3.8,0,90423
삼각산동,11305575,dong,강북구,삼각산동,15904,17164,2538,2470,2744,3184,699,3417,4232,3441,4365,6941,4911,3157,1913,707,101,34041.33569,1227.140716,8,0,0,153338
번1동,11305590,dong,강북구,번1동,9683,9748,5459,2121,1422,992,215,821,1244,3480,3090,3112,3259,2506,1728,541,72,20866.79379,3041.253675,33,6.1,0,92235
번2동,11305600,dong,강북구,번2동,8402,8859,2655,2085,1505,1028,250,894,1255,2221,2127,2725,2955,2604,1947,588,69,16775.3988,1161.476796,7,0,0,92725
번3동,11305606,dong,강북구,번3동,8807,9788,2197,2144,1575,1251,345,1101,1593,2137,2072,2986,2930,2653,2460,650,84,19374.80181,1294.994936,8,0,0,99483
수유1동,11305610,dong,강북구,수유1동,10787,10973,4638,2311,1701,1257,336,1181,1551,3266,3019,3196,3923,3101,1933,735,102,21177.11923,2171.963248,18,0,1,96451
수유2동,11305620,dong,강북구,수유2동,10613,11388,3393,2447,1801,1412,380,1231,1618,3111,2782,3324,3876,3151,2091,855,99,21494.83312,2047.904191,19,5.3,1,79360
수유3동,11305630,dong,강북구,수유3동,11984,11998,6742,2575,1822,1174,281,1012,1283,4401,3804,3484,4233,3214,2128,705,89,23778.1002,3410.915149,35,2.9,1,120010
우이동,11305645,dong,강북구,우이동,10417,10944,3544,2407,1755,1290,363,1259,1554,2768,2781,3190,3725,3078,2165,812,137,20850.41972,2999.257125,19,10.5,3,82934
인수동,11305660,dong,강북구,인수동,15878,16817,5583,3599,2734,1975,527,1911,2430,4367,4398,4899,5666,4750,3182,1179,164,37130.8031,4481.619128,27,14.8,0,60844
도봉구,11320,gu,도봉구,계,164731,171967,44181,33044,28751,24747,5962,21525,28699,46277,45180,52449,59586,46413,26723,10475,1523,335534.6981,37191.69506,220,2.7,5,103940
창1동,11320511,dong,도봉구,창1동,12672,13745,3579,2536,2283,2031,414,1802,2454,3539,3773,4502,4346,3299,1954,784,115,21180.54223,1637.481945,13,0,1,81261
창2동,11320512,dong,도봉구,창2동,15096,15638,3721,3000,2733,2233,532,2182,2545,4376,4676,4961,5377,3780,2219,819,84,50563.12489,3893.494649,20,0,0,101554
창3동,11320513,dong,도봉구,창3동,7448,7439,2559,1672,1201,948,236,934,1217,1957,1923,2356,2722,2027,1322,463,60,15864.8924,860.8692777,10,0,0,80754
창4동,11320514,dong,도봉구,창4동,13571,14529,2757,2289,2381,2505,550,2051,2937,3836,3692,4779,5021,3223,1681,837,134,23661.95721,2629.752396,20,0,0,215119
창5동,11320515,dong,도봉구,창5동,12503,13366,2708,2280,2345,2097,460,1760,2189,3757,3846,3790,4649,3395,1719,752,114,26893.56107,6410.271564,19,0,1,140496
도봉1동,11320521,dong,도봉구,도봉1동,11307,11088,4033,2683,1810,1234,380,1063,1346,2832,2730,3202,4013,3747,2600,891,114,23153.80377,3055.547138,20,10,0,98691
도봉2동,11320522,dong,도봉구,도봉2동,14133,14601,4035,3092,2517,1908,459,1866,1955,3545,3986,4051,4810,4684,2737,1044,148,19660.20168,1412.127221,14,7.1,2,105854
쌍문1동,11320660,dong,도봉구,쌍문1동,10774,11447,3080,2253,1884,1499,422,1311,1905,3233,2737,3540,3814,3112,1995,707,102,22899.2447,2220.813757,17,5.9,0,95225
쌍문2동,11320670,dong,도봉구,쌍문2동,9721,10369,2965,2194,1724,1323,316,1224,1600,2813,2981,2977,3485,2801,1597,695,102,20390.26,1765.013423,12,16.7,0,101101
쌍문3동,11320680,dong,도봉구,쌍문3동,8304,8904,3102,1876,1414,1074,277,930,1185,2617,2595,2603,2909,2343,1592,538,72,17019.33381,1962.893198,16,0,0,72936
쌍문4동,11320681,dong,도봉구,쌍문4동,9491,10403,1488,1591,1710,1869,410,1339,2192,2735,2506,3222,3602,2564,1145,533,99,18882.35034,1319.641623,10,0,0,118387
방학1동,11320690,dong,도봉구,방학1동,14918,15158,4646,2958,2411,2105,558,1757,2468,4331,3775,4600,5631,4360,2502,816,139,20089.63462,4247.488685,27,0,1,118707
방학2동,11320700,dong,도봉구,방학2동,10691,10492,3713,2297,1795,1302,331,1141,1684,2934,2528,3261,4006,3143,1886,682,102,14421.70636,682.9108055,12,0,0,74361
방학3동,11320710,dong,도봉구,방학3동,14102,14788,1795,2323,2543,2619,617,2165,3022,3772,3432,4605,5201,3935,1774,914,138,41420.41828,4504.321198,10,0,0,94694
노원구,11350,gu,노원구,계,260946,277404,68669,48244,44528,44119,9468,37016,58836,77564,70066,92080,89940,63701,35910,15085,2145,543009.6085,61021.61278,355,3.7,13,133134
월계1동,11350560,dong,노원구,월계1동,12124,11365,4328,2197,1788,1629,449,1469,1929,4313,3135,3696,3768,3078,1910,669,99,24507.87327,2917.76257,37,2.7,2,133370
월계2동,11350570,dong,노원구,월계2동,12666,13590,3865,2888,2162,1813,419,1768,2297,3112,3240,4267,4417,3996,2263,887,145,27013.52773,1467.353391,19,0,0,131897
월계3동,11350580,dong,노원구,월계3동,15399,16595,3669,3521,2864,2297,496,2697,2410,3790,5205,4983,4984,4474,2548,950,131,30307.62487,1470.392395,8,0,1,148960
공릉1동,11350595,dong,노원구,공릉1동,19036,19748,8132,3663,2981,2581,583,2476,3097,7203,6100,5768,6111,5114,2536,964,139,44604.3068,8120.4049,45,4.4,2,113500
공릉2동,11350600,dong,노원구,공릉2동,19924,20818,5430,3104,3254,3548,761,3261,4909,6930,5639,7035,6241,4181,2106,874,121,38603.52899,7077.061309,37,2.7,1,140378
하계1동,11350611,dong,노원구,하계1동,14149,15068,4816,2347,2175,2440,499,1336,3947,5802,2979,4624,5161,3226,1731,858,120,29521.10371,5231.227029,21,0,0,107662
하계2동,11350612,dong,노원구,하계2동,11256,12283,1588,1759,2017,2367,457,1659,3153,3320,2699,4395,4083,2249,1330,630,78,23720.60709,1921.468424,5,0,1, 
중계본동,11350619,dong,노원구,중계본동,12928,13403,2117,1426,1948,2776,678,1686,4704,3628,2051,5495,4807,2218,1147,576,80,25477.34887,1920.653685,12,8.3,0,112986
중계1동,11350621,dong,노원구,중계1동,13729,14368,1407,1328,2308,3333,610,2006,6003,3252,2101,6868,4561,1849,1007,467,55,28551.90006,2795.368514,14,0,0,171461
중계4동,11350624,dong,노원구,중계4동,10448,11016,2489,1963,1689,1845,393,1316,2575,2724,2193,3863,3679,2603,1775,710,89,23428.78545,2118.75409,14,0,0,103525
중계2.3동,11350625,dong,노원구,중계2.3동,17293,19832,4830,3938,3199,2777,583,2488,3638,4598,4749,6443,5854,4671,3231,1414,179,37298.69099,2253.411195,9,0,1,245656
상계1동,11350630,dong,노원구,상계1동,19703,20705,4335,3580,3381,3237,848,2644,3693,5723,5374,6194,7302,5443,2779,1177,198,45827.32514,7540.422457,26,0,1,117979
상계2동,11350640,dong,노원구,상계2동,10513,10767,3117,1710,1663,1793,366,1124,2071,3554,2530,3409,4082,2665,1387,546,77,20747.17814,2357.810151,32,15.6,1,185410
상계3.4동,11350665,dong,노원구,상계3.4동,12997,13068,4535,2824,1991,1661,464,1328,2157,3218,2812,4020,4768,4017,2706,1021,133,30767.87118,2769.098635,16,6.3,1,75983
상계5동,11350670,dong,노원구,상계5동,12580,13199,3875,2623,2187,1786,427,1284,2357,3684,2929,4108,4799,3497,2222,875,138,20834.79025,1553.365259,13,7.7,1,88078
상계6.7동,11350695,dong,노원구,상계6.7동,16271,18607,4178,3257,3068,2887,545,2901,3468,4798,5326,6124,5715,3710,1933,919,144,27098.20417,4996.398295,28,0,0,184853
상계8동,11350700,dong,노원구,상계8동,11653,12496,2237,2248,2308,2062,363,2819,2415,2681,5249,4186,3028,2116,1129,504,71,24599.02801,884.4031651,5,0,1, 
상계9동,11350710,dong,노원구,상계9동,10548,11485,2026,2107,2045,1902,317,1645,2436,2777,3090,3817,3686,2649,1324,601,90,21705.6613,2418.975149,9,11.1,0,132678
상계10동,11350720,dong,노원구,상계10동,7729,8991,1695,1761,1500,1385,210,1109,1577,2457,2665,2785,2894,1945,846,443,58,16917.13118,1196.050045,5,0,0, 
은평구,11380,gu,은평구,계,233566,250164,75336,47777,39482,33351,8531,32976,42087,66969,72420,80055,79150,60482,37817,13998,1945,461925.0688,48478.52001,359,2.2,11,106182
녹번동,11380510,dong,은평구,녹번동,18103,19466,6534,4050,3115,2424,590,2743,2597,5049,6437,5916,6140,4775,3037,1123,167,30270.2208,4871.753804,28,0,2,107256
불광1동,11380520,dong,은평구,불광1동,19464,21462,6448,4269,3541,2739,612,2850,2988,5585,6022,6590,6942,5222,3451,1394,175,32013.58078,3517.905921,15,0,1,133751
불광2동,11380530,dong,은평구,불광2동,14315,15104,5815,3302,2354,1721,441,1435,2086,4372,4333,4428,5213,4131,2650,945,120,31975.9125,2929.540998,24,0,1,116847
갈현1동,11380551,dong,은평구,갈현1동,11943,12634,4505,2657,2000,1537,370,1226,1925,3939,3550,3770,4306,3337,2046,648,101,26160.72203,2515.966584,20,0,0,127468
갈현2동,11380552,dong,은평구,갈현2동,14282,15698,4186,3019,2597,2116,500,1885,2867,4455,4491,4974,4952,3583,2205,833,90,28290.68288,3157.547481,33,0,0,93562
구산동,11380560,dong,은평구,구산동,16836,16942,3928,3135,2754,2397,648,2163,3111,4608,4535,5472,5862,4409,2688,1012,144,35125.24851,5213.330771,22,4.5,1,65642
대조동,11380570,dong,은평구,대조동,14915,16694,7365,3434,2421,1766,421,1657,2241,5203,5110,5006,5099,3950,2678,941,115,31639.91,2921.601896,34,2.9,1,123953
응암1동,11380580,dong,은평구,응암1동,12265,13285,4658,2472,1984,1682,419,1798,2593,3426,3969,4473,3903,2946,1922,707,119,27457.65781,2985.037526,25,4,0,104676
응암2동,11380590,dong,은평구,응암2동,10863,11321,2547,2018,1980,1712,406,2508,1979,2376,3941,4221,3063,2291,1405,531,68,17914.91827,1541.476938,4,0,0,117947
응암3동,11380600,dong,은평구,응암3동,12713,13242,5774,2862,1976,1481,364,1192,1918,3699,3516,3986,4521,3734,2596,1024,123,22776.11963,1738.557777,33,0,0,101563
역촌동,11380625,dong,은평구,역촌동,23223,25534,7340,4856,4104,3366,861,3358,4047,6780,7731,8119,7987,5883,3779,1300,179,49961.88109,4705.98566,39,0,0,97973
신사1동,11380631,dong,은평구,신사1동,13863,14688,3665,2852,2517,2047,483,1888,2345,4054,4533,4498,4748,3644,2206,764,105,29133.33123,2659.241431,20,5,1,90614
신사2동,11380632,dong,은평구,신사2동,11027,10958,3143,2131,1842,1576,386,1370,1928,3093,3180,3556,3712,2985,1588,639,90,20727.60775,2165.272644,12,8.3,1,76533
증산동,11380640,dong,은평구,증산동,8020,8256,2464,1667,1292,1134,313,915,1356,2188,2244,2508,2856,2317,1451,490,75,14770.43138,2896.573092,15,13.3,1,78440
수색동,11380650,dong,은평구,수색동,4608,4624,1421,954,757,613,162,497,640,1256,1292,1250,1719,1454,809,330,51,12024.1487,2266.730169,1,0,1,97136
진관동,11380690,dong,은평구,진관동,27126,30256,5543,4099,4248,5040,1555,5491,7466,6886,7536,11288,8127,5821,3306,1317,223,54097.58418,3062.957844,34,2.9,1,130484
서대문구,11410,gu,서대문구,계,149775,161440,58356,29414,24416,21028,5172,21198,26112,56159,47246,49868,50489,36903,24344,10255,1465,314012.0364,64340.29984,311,2.6,7,123256
천연동,11410520,dong,서대문구,천연동,8854,9693,3314,1698,1524,1311,294,1445,1619,2462,2610,3149,3107,2095,1493,728,98,20795.71615,2074.086981,12,0,0,129935
북아현동,11410555,dong,서대문구,북아현동,8196,9019,2872,1673,1487,1223,250,1505,1182,2705,3161,2880,2902,1741,1066,437,62,17254.67171,1714.205241,9,0,0,105222
충현동,11410565,dong,서대문구,충현동,8697,9165,4453,1702,1247,1062,286,851,1305,3019,2721,2705,3178,2306,1399,647,142,17769.11781,13589.30542,28,0,2,118171
신촌동,11410585,dong,서대문구,신촌동,8494,10263,9163,1511,830,629,154,951,1333,10950,3810,2125,2079,1417,1032,448,82,19526.39173,5312.11098,84,6,2,190797
연희동,11410615,dong,서대문구,연희동,18396,19559,9904,3644,2643,2157,588,2044,3055,8751,6488,6035,5784,4361,3047,1319,181,38264.86297,15160.73452,39,5.1,0,110370
홍제1동,11410620,dong,서대문구,홍제1동,11644,13062,3407,2461,2075,1734,450,1728,2076,3232,3665,4017,4152,3173,1995,832,108,18735.68457,1749.25742,15,0,0,100415
홍제3동,11410640,dong,서대문구,홍제3동,7966,8409,2640,1658,1320,1140,278,876,1304,2245,2062,2489,2831,2280,1603,747,82,12145.11425,1014.191863,13,0,1,108586
홍제2동,11410655,dong,서대문구,홍제2동,6959,7603,1736,1410,1296,1099,252,928,1204,1945,1984,2241,2669,1846,1273,519,68,21736.8468,1354.552529,5,0,1,234712
홍은1동,11410660,dong,서대문구,홍은1동,11035,11685,3104,2144,1857,1667,446,1432,1962,3049,2888,3467,4082,3113,1974,868,130,22754.53618,2294.972182,11,0,0,78321
홍은2동,11410685,dong,서대문구,홍은2동,13526,14253,4689,2748,2219,1862,462,1563,2567,4444,3816,4498,4757,3553,2209,982,137,30657.61838,5204.910855,21,0,0,90499
남가좌1동,11410690,dong,서대문구,남가좌1동,8108,8657,1461,1243,1464,1491,363,2342,1474,1893,2801,3239,2296,1620,1011,382,50,18366.79628,4168.24647,8,0,1,137421
남가좌2동,11410700,dong,서대문구,남가좌2동,12129,12917,4568,2408,1982,1748,390,1927,2217,4223,3726,4061,3893,2883,1992,789,135,21717.0081,4011.777037,25,0,0,105295
북가좌1동,11410710,dong,서대문구,북가좌1동,9295,9850,1577,1617,1675,1622,409,1635,2043,2278,2769,3480,3026,2110,1349,522,71,17122.01823,3098.167576,10,0,0,98704
북가좌2동,11410720,dong,서대문구,북가좌2동,16476,17305,5468,3497,2797,2283,550,1971,2771,4963,4745,5482,5733,4405,2901,1035,119,36389.36167,3040.51667,31,3.2,0,83187
마포구,11440,gu,마포구,계,177388,197034,77236,35628,28521,24943,5795,27366,30979,65592,68316,64234,55290,37949,24344,10152,1447,360037.2541,168585.3157,543,2.8,15,141500
아현동,11440555,dong,마포구,아현동,11729,13179,3166,2263,2370,1933,341,2709,1665,3259,5444,3992,3914,2419,1279,587,98,23883.85622,19124.71788,23,4.3,1,157396
공덕동,11440565,dong,마포구,공덕동,18978,20970,8523,3983,3134,2583,536,2488,2716,6809,6957,6225,6959,4411,2740,1174,160,43287.21995,10421.75292,29,0,1,93005
도화동,11440585,dong,마포구,도화동,10654,11754,3637,2046,1819,1621,393,1642,1758,3179,3875,3517,3593,2581,1598,801,130,16017.02806,8484.544585,23,0,0,202560
용강동,11440590,dong,마포구,용강동,10424,11552,3173,1954,1870,1693,364,2352,2058,2496,3972,4502,3104,2061,1276,604,68,18448.13421,15710.53221,26,0,1,165496
대흥동,11440600,dong,마포구,대흥동,5696,5938,4767,1149,582,505,109,459,795,4182,2038,1797,1726,1280,874,359,68,12128.18894,3577.357236,40,2.5,3,134605
염리동,11440610,dong,마포구,염리동,6044,6438,2455,1182,998,848,184,1017,1185,2449,2123,2273,1910,1185,886,357,43,10124.85421,17700.69559,10,10,1,125407
신수동,11440630,dong,마포구,신수동,10336,10776,3574,1894,1715,1564,324,1572,1926,3442,3422,3709,3182,2210,1445,611,86,18056.68512,4492.417266,18,0,0,121770
서강동,11440655,dong,마포구,서강동,12095,13261,5185,2263,1953,1807,381,2036,1996,5290,4536,4321,3739,2327,1347,619,85,19135.50013,5951.562365,41,0,2,159598
서교동,11440660,dong,마포구,서교동,11347,13125,8662,2444,1493,1098,289,1058,1462,6421,5585,3890,3159,2226,1574,738,105,22981.73899,29350.64501,124,4,2,153770
합정동,11440680,dong,마포구,합정동,8803,10104,4944,2102,1283,948,218,1341,1108,3749,4097,2758,2584,1883,1210,476,68,17506.83496,6116.741911,28,10.7,1,140609
망원1동,11440690,dong,마포구,망원1동,10270,11482,5085,2399,1528,1294,317,1248,1485,3657,4321,3516,3277,2370,1609,585,69,21857.49578,3442.30143,25,0,0,130339
망원2동,11440700,dong,마포구,망원2동,9212,10067,2996,1881,1511,1440,335,1380,1790,2703,3192,3477,2817,2146,1399,487,65,10771.51004,1280.106948,17,0,0,109939
연남동,11440710,dong,마포구,연남동,7513,8555,4825,1729,1059,778,215,808,936,3570,3527,2577,2221,1791,1134,498,85,16320.84632,3219.684159,26,3.8,0,130961
성산1동,11440720,dong,마포구,성산1동,9448,10531,4137,2061,1494,1202,339,1145,1631,3293,3673,3673,2929,2106,1385,493,53,18526.2784,9537.041688,28,3.6,0,105097
성산2동,11440730,dong,마포구,성산2동,19203,22261,7855,3846,3227,2921,687,2961,3921,6748,7057,7154,5746,4065,2888,1030,156,42890.47843,3427.952764,32,3.1,2,118071
상암동,11440740,dong,마포구,상암동,15636,17041,4252,2432,2485,2708,763,3150,4547,4345,4497,6853,4430,2888,1700,733,108,36184.44164,18348.74288,53,1.9,1,192119
양천구,11470,gu,양천구,계,226881,234170,49734,37201,38449,40245,8947,34206,53455,62192,62296,82224,79075,53417,26533,9963,1566,448059.006,142789.1268,316,4.1,7,121681
목1동,11470510,dong,양천구,목1동,15406,16555,1584,1689,2830,3498,656,3024,5272,3658,3621,7165,4978,2659,1264,439,80,26277.72513,21903.78317,37,0,2,200270
목2동,11470520,dong,양천구,목2동,15298,15988,4446,2837,2596,2387,568,2026,2813,5144,5703,4849,5111,3561,1602,628,97,31428.36025,5483.250122,28,7.1,1,101236
목3동,11470530,dong,양천구,목3동,11057,11897,3497,2351,1985,1584,325,1530,1702,3702,4280,3394,3895,2745,1285,523,73,22791.80752,2559.15689,17,0,1,119871
목4동,11470540,dong,양천구,목4동,13267,13701,2879,1900,2094,2549,563,1608,3738,4239,3172,5036,4905,2475,1424,503,73,26621.42622,3470.259612,20,5,0,93014
목5동,11470550,dong,양천구,목5동,21181,21690,1648,2037,3657,5095,866,3612,7693,4875,4334,9452,6734,3789,1535,739,159,38160.85997,28620.86517,19,15.8,0,179597
신월1동,11470560,dong,양천구,신월1동,11142,10574,4298,2316,1794,1299,326,1234,1493,2883,3103,3457,4181,3415,1694,540,76,22745.79916,2640.971933,16,0,0,102844
신월2동,11470570,dong,양천구,신월2동,11007,11432,2408,2038,1914,1711,469,1700,1935,2826,3489,3515,3672,3319,1579,505,79,22383.25057,3023.218338,9,11.1,0,96441
신월3동,11470580,dong,양천구,신월3동,8848,7903,3917,1829,1245,889,263,1063,1317,2285,2297,2570,3281,2417,1278,432,53,14868.33269,1500.833582,11,0,0,76592
신월4동,11470590,dong,양천구,신월4동,9381,9640,1466,1559,1667,1595,436,1781,1760,2236,2825,3162,3046,2526,1280,436,59,21279.98571,1934.142026,17,0,0,78040
신월5동,11470600,dong,양천구,신월5동,7676,7773,2140,1462,1309,1126,279,1113,1404,2226,2384,2426,2718,1948,1007,323,44,21886.70196,2487.814385,19,0,0,79424
신월6동,11470610,dong,양천구,신월6동,3312,3353,659,566,556,568,134,422,723,831,830,1071,1177,981,485,153,23,6353.200145,1107.025424,5,0,0,98771
신월7동,11470611,dong,양천구,신월7동,10749,11066,2921,2550,1882,1486,318,1360,1633,2854,3079,3261,3895,3298,1784,714,88,21551.23316,3091.219513,13,7.7,1,85517
신정1동,11470620,dong,양천구,신정1동,10451,10903,1376,1227,1651,2343,493,1915,3178,2615,2335,4232,3603,2049,1061,457,95,20727.43123,12652.07284,10,0,0,119243
신정2동,11470630,dong,양천구,신정2동,10092,10518,1527,1276,1522,2197,509,1399,3035,2875,2013,3948,3798,2098,1040,468,65,18291.79545,6771.372722,11,0,0,153387
신정3동,11470640,dong,양천구,신정3동,23618,24664,4404,4067,3937,4140,1140,4128,5693,6111,6468,8748,8104,5385,2868,1046,165,46373.01689,7974.755219,19,0,1,130896
신정4동,11470650,dong,양천구,신정4동,17236,17817,6646,3523,2919,2169,571,2122,2599,5498,5929,5656,6002,4679,2534,746,113,35882.96338,6881.622552,43,9.3,1,111366
신정6동,11470670,dong,양천구,신정6동,12297,12957,1027,1417,2289,2773,522,2092,3834,3337,2896,4863,4446,2373,905,442,86,24696.98403,20296.5382,11,0,0,161151
신정7동,11470680,dong,양천구,신정7동,14863,15739,2891,2557,2602,2836,509,2077,3633,3997,3538,5419,5529,3700,1908,869,138,31814.38531,6936.724726,11,9.1,0,171447
강서구,11500,gu,강서구,계,288905,306697,101063,57832,47939,41713,10019,45730,48634,88670,106788,95052,91999,72729,36653,13524,2233,572348.9806,143684.0301,558,4.8,17,133785
염창동,11500510,dong,강서구,염창동,20535,21371,3424,2900,3750,4081,800,4387,4725,5507,7254,7844,6128,3825,1650,608,86,35913.96202,12162.68643,27,3.7,1,112480
등촌1동,11500520,dong,강서구,등촌1동,11098,12278,6317,2182,1673,1429,290,1510,1489,4578,5669,3320,3170,2063,1043,625,123,20443.60166,7674.867653,35,2.9,1,89705
등촌2동,11500530,dong,강서구,등촌2동,10805,11029,2518,1977,1876,1690,412,1568,1812,3444,3798,3171,3684,2746,1234,417,92,22290.22047,4968.228976,10,0,0,107480
등촌3동,11500535,dong,강서구,등촌3동,15615,17121,5561,3944,2636,2104,445,1860,2549,4546,4859,4352,5975,4778,2368,1363,268,23904.55924,10888.35798,28,10.7,0,152034
화곡1동,11500540,dong,강서구,화곡1동,26313,27317,11926,6046,4348,2893,713,3398,2891,9028,11734,7881,8228,6882,3548,1054,140,50005.3399,4939.227204,58,3.4,1,107443
화곡2동,11500550,dong,강서구,화곡2동,9469,10001,2803,2025,1690,1259,390,1528,1661,2649,3468,3416,2996,2410,1261,347,52,20268.1001,1576.762758,11,9.1,0,95735
화곡3동,11500560,dong,강서구,화곡3동,10803,11698,3202,2123,1917,1577,418,1477,1753,3388,3503,3306,3641,3315,1671,517,83,22232.05766,5580.764786,16,0,0,122846
화곡4동,11500570,dong,강서구,화곡4동,10794,11148,3542,2408,1907,1368,343,1413,1543,3061,3857,3481,3739,3034,1558,544,60,21504.51105,2616.244464,17,5.9,0,122191
화곡본동,11500590,dong,강서구,화곡본동,17438,18246,6877,3669,2923,2220,542,2750,2743,5663,7062,5990,5057,4068,2021,650,113,39669.23191,3377.230524,28,0,0,105134
화곡6동,11500591,dong,강서구,화곡6동,12302,12548,4925,2420,1894,1635,400,1487,1853,4038,4198,3807,4191,3409,1487,518,72,26502.2269,13820.51838,32,3.1,0,104271
화곡8동,11500593,dong,강서구,화곡8동,12637,13633,4225,3038,2191,1668,401,1736,1841,3934,4907,4228,4169,3457,1936,512,73,24653.2489,2529.424832,15,0,1,146460
가양1동,11500603,dong,강서구,가양1동,15783,17940,11762,2559,2056,1905,469,2055,2099,8230,8116,4628,4378,2882,1161,456,80,30878.21808,4686.062722,82,9.8,2,236100
가양2동,11500604,dong,강서구,가양2동,7287,8034,3977,2177,1129,626,136,595,534,2017,2712,1504,2672,3075,1479,700,122,15896.58144,3120.733568,6,0,1,180154
가양3동,11500605,dong,강서구,가양3동,7696,8631,3112,2436,1431,721,179,902,764,2058,3331,2080,2557,2596,1460,606,88,23497.00536,5489.793941,8,0,0,98568
발산1동,11500611,dong,강서구,발산1동,18331,20125,2649,2892,3104,3672,914,3964,5235,4711,4969,7569,5730,3611,1997,708,118,37460.6688,3229.098718,34,2.9,0,118303
우장산동,11500615,dong,강서구,우장산동,21997,23789,3967,3184,3770,4483,919,4377,5715,5532,6540,8966,6744,4940,2390,692,130,49194.24278,7282.158903,27,3.7,1,137671
공항동,11500620,dong,강서구,공항동,13934,13684,5543,2663,2166,1807,468,2849,1805,4050,5607,4430,4286,3127,1663,593,90,29916.9167,31941.31225,45,8.9,4,120392
방화1동,11500630,dong,강서구,방화1동,22318,23314,4868,3747,3684,3829,1032,4884,4323,5705,7301,7941,6803,5291,2623,936,161,33422.95937,7683.215949,32,6.3,2,121070
방화2동,11500640,dong,강서구,방화2동,11908,12124,5412,2583,1780,1329,382,1370,1622,3617,3859,3451,3903,3528,2051,816,111,27547.30776,3957.218223,27,3.7,2,61987
방화3동,11500641,dong,강서구,방화3동,11842,12666,4453,2859,2014,1417,366,1620,1677,2914,4044,3687,3948,3692,2052,862,171,29962.96523,6365.327631,20,0,1,147961
구로구,11530,gu,구로구,계,200561,204854,64538,39355,32640,28736,7148,32748,32875,58264,71471,71263,75841,55495,29734,10147,1332,402826.6806,147991.534,360,3.3,10,117675
신도림동,11530510,dong,구로구,신도림동,18139,19005,2962,2853,3354,3383,704,3863,3693,4625,6743,6701,5331,3967,1814,651,96,39317.29729,15004.58387,31,3.2,2,129209
구로1동,11530520,dong,구로구,구로1동,10551,10858,1767,1792,1863,1962,413,2147,2095,2747,4162,3761,3183,2415,935,341,62,21894.29722,5423.041188,10,0,0,138793
구로2동,11530530,dong,구로구,구로2동,13040,12699,6178,2913,1870,1375,361,1789,1868,4276,5056,6092,8440,4749,2654,888,108,25352.46303,14380.28783,28,0,1,112997
구로3동,11530540,dong,구로구,구로3동,12483,12045,7670,2192,1629,1314,331,1766,1576,4566,5882,4430,3602,2673,1482,532,50,24583.8443,55112.98842,72,2.8,2,168180
구로4동,11530550,dong,구로구,구로4동,10396,10828,4941,2532,1656,1125,250,1372,1464,3217,4154,4365,5744,3543,2052,714,79,18455.89588,1982.850719,19,0,0,128100
구로5동,11530560,dong,구로구,구로5동,14531,15512,6820,2866,2244,1885,452,2340,1908,5418,6433,5111,5935,3867,2014,687,87,29269.54717,15614.44728,29,0,1,111857
가리봉동,11530595,dong,구로구,가리봉동,5182,4361,3883,1023,511,331,91,561,487,1610,2169,2837,4697,2197,909,381,49,9398.895012,988.0914296,14,14.3,0,94573
고척1동,11530720,dong,구로구,고척1동,12010,11939,2885,2155,1992,1951,433,1567,2250,3484,3225,3832,4213,3370,1829,563,90,25061.429,7957.699622,15,6.7,0,101455
고척2동,11530730,dong,구로구,고척2동,14167,14397,3693,2743,2341,2225,516,2151,2547,3826,3843,4822,5206,3802,2140,792,90,29165.93765,3229.25841,23,0,0,79060
개봉1동,11530740,dong,구로구,개봉1동,16625,16625,4761,3414,2716,2322,614,2404,2672,4482,4900,5341,6055,4876,2713,892,101,37177.53209,5607.132616,21,4.8,1,91282
개봉2동,11530750,dong,구로구,개봉2동,16156,16881,3117,3209,2917,2532,654,2729,2630,4042,5290,5149,5315,4853,2633,782,127,31315.00131,7654.282696,12,0,0,139488
개봉3동,11530760,dong,구로구,개봉3동,10625,11065,2597,2286,1914,1565,388,1546,1659,2843,3414,3412,3726,3253,1659,587,77,21941.74897,2030.741593,9,0,0,96867
오류1동,11530770,dong,구로구,오류1동,10772,11224,5060,2351,1673,1234,330,1401,1324,3713,4503,3221,3298,2888,1688,582,73,18447.66874,3144.69758,23,4.3,0,153515
오류2동,11530780,dong,구로구,오류2동,23574,24917,5426,4547,3818,3741,1107,5310,4456,6172,8013,8024,6942,5624,3397,1191,163,47244.2529,5031.04277,30,13.3,2,126987
수궁동,11530790,dong,구로구,수궁동,12310,12498,2778,2479,2142,1791,504,1802,2246,3243,3684,4165,4154,3418,1815,564,80,24911.01825,4361.89015,24,0,1,80094
금천구,11545,gu,금천구,계,118912,115167,48816,23522,17798,14748,3690,15599,16775,37626,39812,38995,48955,32430,17248,5710,751,237661.8894,146289.0448,280,3.9,3,110918
가산동,11545510,dong,금천구,가산동,11548,9334,9590,1764,1106,783,179,1018,829,5543,5396,3443,4354,2467,1077,341,45,22705.68545,108512.7726,112,3.6,1,137590
독산1동,11545610,dong,금천구,독산1동,21218,19792,9441,3750,3006,2624,655,3459,2454,7332,8819,6577,7000,4543,2466,812,97,39649.48884,14481.90928,42,2.4,1,110389
독산2동,11545620,dong,금천구,독산2동,10062,9686,3974,2161,1610,1197,271,1216,1449,2998,3047,3319,4793,2964,1468,444,67,20299.22479,2449.299697,15,0,0,90324
독산3동,11545630,dong,금천구,독산3동,12815,12527,5624,2782,1928,1489,350,1551,1734,4126,4449,4720,7064,4090,1918,628,91,24177.17475,3988.344623,19,0,0,86576
독산4동,11545640,dong,금천구,독산4동,8185,8069,3297,1767,1253,966,265,969,1228,2473,2523,3011,4243,2511,1256,339,40,16127.1939,1860.605029,14,0,0,102744
시흥1동,11545670,dong,금천구,시흥1동,17342,17317,6587,3547,2696,2283,554,2406,2623,5194,5580,5788,7046,4759,2687,913,128,40454.43954,8981.813376,41,7.3,1,111267
시흥2동,11545680,dong,금천구,시흥2동,11080,11659,2012,2014,1855,1882,477,1794,2303,2711,2787,3846,3946,2988,1739,623,88,24781.9923,3825.617773,4,0,0,123494
시흥3동,11545690,dong,금천구,시흥3동,5760,5738,1429,1238,993,780,220,680,778,1545,1609,1657,2167,1818,1018,322,52,9140.191109,6888.166581,9,11.1,0,86902
시흥4동,11545700,dong,금천구,시흥4동,10680,10822,3078,2215,1774,1498,384,1367,1736,2971,2991,3324,4387,3220,1724,550,65,23428.40698,1687.466529,12,8.3,0,120069
시흥5동,11545710,dong,금천구,시흥5동,10222,10223,3784,2284,1577,1246,335,1139,1641,2733,2611,3310,3955,3070,1895,738,78,19233.13493,1861.664273,12,8.3,0,137902
영등포구,11560,gu,영등포구,계,183460,185557,79442,34534,28325,24147,5576,28160,26498,59013,72754,63303,69094,47268,26239,10207,1429,414505.8015,449053.7473,487,4.5,15,113743
영등포본동,11560515,dong,영등포구,영등포본동,11319,10832,4483,1988,1747,1529,354,1823,1567,3033,3979,3970,4988,3348,1736,628,105,26799.02226,5160.540834,20,10,1,100810
영등포동,11560535,dong,영등포구,영등포동,14335,11892,12084,2206,1347,1027,224,1288,985,5933,6413,3483,3806,2902,1507,541,82,22663.07655,12436.14804,67,9,1,123568
여의동,11560540,dong,영등포구,여의동,16075,18011,3932,2877,2990,2764,597,3110,2957,4093,5510,5606,5100,3952,2679,1269,180,41420.38403,253958.1422,97,1,4,225105
당산1동,11560550,dong,영등포구,당산1동,10330,10625,5273,2104,1546,1199,275,1355,1159,3560,4320,3159,3231,2633,1428,556,75,20948.23879,15852.09667,33,3,1,93185
당산2동,11560560,dong,영등포구,당산2동,16831,18919,8541,2886,2664,2426,522,2752,2345,7220,7857,5061,4751,3443,1826,799,131,35538.69422,15421.45606,38,2.6,1,135625
도림동,11560585,dong,영등포구,도림동,9523,9339,4388,2065,1435,1049,269,1382,1111,2923,4029,3517,4216,2619,1481,609,71,30671.62007,3609.978737,11,0,0,81208
문래동,11560605,dong,영등포구,문래동,15742,16088,3633,2666,2815,2647,561,3332,2970,3648,6005,5697,4093,3444,1953,768,117,27314.91681,66717.99135,39,2.6,1,98580
양평1동,11560610,dong,영등포구,양평1동,8931,8965,4271,1917,1387,1016,224,1433,1097,2777,4458,2882,2219,1752,1115,430,70,17671.38584,14993.65781,18,11.1,1,91690
양평2동,11560620,dong,영등포구,양평2동,11350,11329,4158,2056,1797,1663,346,1842,1823,3798,5050,3608,3131,2089,1077,450,62,26374.44626,18454.18513,37,8.1,1,105773
신길1동,11560630,dong,영등포구,신길1동,8869,8624,5918,1775,1130,797,217,831,1088,3314,3351,3009,3435,2430,1519,600,79,15134.68592,3534.079797,16,25,1,88591
신길3동,11560650,dong,영등포구,신길3동,8590,8679,2934,1597,1424,1228,313,1369,1299,2356,2769,2978,3583,2492,1332,487,70,15914.80106,1451.98742,10,0,0,123715
신길4동,11560660,dong,영등포구,신길4동,4557,4514,1875,954,730,541,142,416,687,1340,1269,1559,2175,1501,848,314,48,10974.33202,1634.375272,5,0,0,70967
신길5동,11560670,dong,영등포구,신길5동,4539,4815,1795,939,720,566,150,563,746,1319,1405,1835,2434,1604,844,312,38,9649.208344,1369.297353,7,0,0,76080
신길6동,11560680,dong,영등포구,신길6동,9058,9303,3630,1806,1411,1193,287,1240,1292,3017,3193,2906,3460,2573,1385,525,71,18651.57802,2752.168993,13,0,1,96695
신길7동,11560690,dong,영등포구,신길7동,8486,8499,1920,1315,1390,1499,338,1681,1587,2426,2951,2884,2611,1748,913,343,48,16853.25754,3234.442004,13,0,1,106559
대림1동,11560700,dong,영등포구,대림1동,6532,6519,2998,1417,948,770,183,823,1022,2169,2248,2715,3656,2235,1312,433,57,13285.02562,2405.800978,15,6.7,0,112057
대림2동,11560710,dong,영등포구,대림2동,6253,6611,3615,1543,867,598,167,1126,925,2461,3397,3789,5816,2738,1399,468,51,12102.9774,3613.086276,19,0,0,126878
대림3동,11560720,dong,영등포구,대림3동,12140,11993,3994,2423,1977,1635,407,1794,1838,3626,4550,4645,6389,3765,1885,675,74,24271.54318,11421.66332,29,0,1,97682
동작구,11590,gu,동작구,계,193449,205436,76209,37297,31039,27498,6454,27839,30813,71703,67546,62565,62800,47422,28721,10674,1635,366861.0673,82705.13347,340,5.3,11,130395
노량진1동,11590510,dong,동작구,노량진1동,16019,16247,6588,3112,2460,2088,535,2178,2135,5681,5413,4521,5001,4005,2465,1020,157,27201.28943,5583.205456,43,2.3,2,141025
노량진2동,11590520,dong,동작구,노량진2동,6688,6355,4096,1413,926,597,130,485,689,2426,2152,1816,2803,1984,1214,463,66,15030.56035,4382.493898,19,5.3,0,164676
상도1동,11590530,dong,동작구,상도1동,22491,23713,9694,3890,3604,3242,718,3379,3714,11411,7144,6845,6524,4966,2997,1230,193,47158.00032,5263.273567,48,6.3,2,148106
상도2동,11590540,dong,동작구,상도2동,13943,15082,5123,2675,2298,2108,469,2465,2114,4642,5174,4659,4296,3196,1936,793,123,32535.44499,1839.473245,19,5.3,1,146064
상도3동,11590550,dong,동작구,상도3동,12339,13381,5028,2577,2076,1577,387,1548,1838,4331,4546,3989,4042,3051,1997,695,110,23349.53193,1363.218464,12,8.3,0,134293
상도4동,11590560,dong,동작구,상도4동,14643,15189,5374,3042,2465,1983,466,2016,2149,4734,5268,4638,4764,3575,2154,847,99,23438.98469,1849.716842,14,7.1,0,88902
흑석동,11590605,dong,동작구,흑석동,16023,16830,5509,3001,2718,2377,572,2506,2568,7290,5267,5003,5309,3851,2502,1056,180,23871.50739,1246.405021,28,3.6,1,117570
사당1동,11590620,dong,동작구,사당1동,11261,12320,7407,2598,1570,1116,260,982,1094,5353,5006,3080,3538,3002,1688,461,64,28743.22384,5824.093538,28,3.6,0,117786
사당2동,11590630,dong,동작구,사당2동,13562,14513,4150,2864,2377,1932,464,2021,1811,3907,4979,4265,4497,3836,2339,762,127,25361.14242,2399.621203,27,14.8,2,152933
사당3동,11590640,dong,동작구,사당3동,12757,13488,3467,2450,2222,1973,465,2304,1783,3718,4546,4043,4047,3434,1964,599,101,24965.20713,14880.36578,13,0,0,135543
사당4동,11590650,dong,동작구,사당4동,7098,7738,3060,1574,1135,936,210,836,863,2665,2735,2174,2263,1901,1197,348,68,12931.94409,1328.883931,9,11.1,1,102743
사당5동,11590651,dong,동작구,사당5동,6284,6676,2249,1231,1067,929,194,942,961,2079,2233,2053,2020,1523,900,327,44,11043.86897,1633.565075,6,0,0,69552
대방동,11590660,dong,동작구,대방동,18906,20831,6844,3218,2860,3200,720,2627,4507,6594,5837,7141,5980,3960,2396,990,141,38966.25743,11021.2416,36,2.8,2,120680
신대방1동,11590670,dong,동작구,신대방1동,11543,12423,3515,1926,1785,1987,475,1901,2754,3413,3637,4930,4868,3038,1588,606,101,21979.32454,7354.477522,10,0,1,121534
신대방2동,11590680,dong,동작구,신대방2동,9892,10650,4105,1726,1476,1453,389,1649,1833,3459,3609,3408,2848,2100,1384,477,61,21624.27717,21037.01072,28,7.1,0,148477
관악구,11620,gu,관악구,계,251875,250214,148296,49133,33337,27183,6662,26925,32239,110655,93485,74466,74987,58092,35644,11507,1559,500456.0796,74893.97966,475,1.7,4,129783
보라매동,11620525,dong,관악구,보라매동,12345,12916,5732,2664,1898,1492,369,1520,1665,4922,4664,3687,3915,3261,1996,653,91,24581.59137,1935.084689,21,0,0,110564
청림동,11620545,dong,관악구,청림동,7984,8263,1966,1561,1486,1208,261,1556,1234,2007,2824,2738,2366,1889,1206,486,56,17183.57878,2531.50061,7,0,0, 
성현동,11620565,dong,관악구,성현동,15778,16713,3920,3041,2628,2591,635,2349,3358,4094,4445,5766,5095,3941,2614,906,121,32244.09704,6099.838275,10,0,0,84944
행운동,11620575,dong,관악구,행운동,14662,15352,10475,2927,1830,1406,358,1410,1545,7681,6347,3916,3801,3167,2023,596,80,29159.24565,3717.711291,36,0,0,116881
낙성대동,11620585,dong,관악구,낙성대동,8516,8480,7493,1473,873,669,169,898,957,5535,3806,2202,1757,1348,942,311,41,15767.02631,9311.106233,26,0,0,158253
청룡동,11620595,dong,관악구,청룡동,14214,15348,14014,2514,1350,1101,295,1061,1616,9957,5750,3646,3595,2892,1841,545,74,28327.06684,6967.368176,42,2.4,1,145424
은천동,11620605,dong,관악구,은천동,17204,17841,6604,3494,2663,2409,537,2568,2753,5555,6054,5727,5286,4259,2632,811,108,37204.69641,7577.247315,24,4.2,0,125185
중앙동,11620615,dong,관악구,중앙동,7406,8031,5926,1562,854,670,163,496,759,4357,3088,1879,2088,1663,1125,369,41,15481.07681,1356.923268,19,5.3,1,146400
인헌동,11620625,dong,관악구,인헌동,13155,13739,7568,2663,1830,1496,373,1442,1819,5842,5333,3974,3614,2866,1763,565,70,41100.65268,5131.494404,22,0,1,120228
남현동,11620630,dong,관악구,남현동,9066,9829,4625,1884,1375,1085,272,1199,949,3969,4038,2485,2700,2127,1238,344,55,14589.42837,3615.189349,20,0,0,212269
서원동,11620645,dong,관악구,서원동,11913,11420,8566,2528,1404,935,249,864,1007,6501,4984,3007,3213,2516,1537,460,50,23164.51166,2598.219982,28,0,0,173563
신원동,11620655,dong,관악구,신원동,9351,9401,5945,2155,1230,857,193,842,992,4438,3622,2714,3041,2325,1534,482,74,18797.24648,879.4150591,10,0,0,164874
서림동,11620665,dong,관악구,서림동,13298,10802,9098,2247,1405,1066,278,1034,1286,6102,4944,3316,3278,2629,1549,489,76,24499.44325,1759.974001,25,0,0,103531
신사동,11620685,dong,관악구,신사동,11614,11493,8038,2308,1459,1106,240,1162,1406,5769,4711,3850,4521,2783,1584,487,70,24273.40943,4676.287455,25,0,0,99350
신림동,11620695,dong,관악구,신림동,10953,10815,13469,1966,680,414,90,500,567,8429,5929,2541,1972,1500,915,277,37,22671.52025,2376.286771,39,10.3,1,197512
난향동,11620715,dong,관악구,난향동,8130,8290,1905,1502,1320,1310,321,1413,1569,1779,2221,3193,2599,2064,1234,388,66,16863.34555,1968.017179,4,0,0,78648
조원동,11620725,dong,관악구,조원동,8843,8655,6278,1796,1006,833,169,929,975,3977,3686,2750,3444,2242,1175,430,58,18122.48207,3299.850284,22,0,0,96721
대학동,11620735,dong,관악구,대학동,14304,9470,11667,1801,1159,857,230,851,1158,7067,4957,3653,3162,2117,1244,470,50,24426.26257,2953.468882,43,2.3,0,125414
삼성동,11620745,dong,관악구,삼성동,12830,12671,4625,2723,1955,1616,449,1123,1865,3265,3094,3917,4644,4030,2637,946,149,28472.63346,1935.671066,9,0,0,78878
미성동,11620765,dong,관악구,미성동,15827,16450,5405,3171,2612,2211,580,2058,2601,5088,4842,5090,5498,4563,2424,716,96,32542.46292,4229.7056,21,0,0,100013
난곡동,11620775,dong,관악구,난곡동,14482,14235,4977,3153,2320,1851,431,1650,2158,4321,4146,4415,5398,3910,2431,776,96,28238.22603,1578.346198,22,0,0,109023
서초구,11650,gu,서초구,계,206478,224882,57802,34293,34106,35237,8591,36921,46180,57607,69201,79955,62994,46100,25885,8863,1731,426656.7336,545521.0664,526,4.6,17,136653
서초1동,11650510,dong,서초구,서초1동,10292,11013,3827,1735,1617,1507,404,1651,2001,3030,3926,3899,2918,2329,1252,440,97,21912.72475,32639.64257,34,8.8,1,132931
서초2동,11650520,dong,서초구,서초2동,8721,9519,3640,1484,1398,1335,288,1510,1685,2714,3887,3287,2425,1755,926,305,65,18032.93166,70861.23379,40,0,1,159087
서초3동,11650530,dong,서초구,서초3동,14985,15599,5587,2588,2288,2108,586,1757,2775,5182,5031,4921,4855,3501,2051,698,118,30484.64175,68519.06891,81,4.9,0,121117
서초4동,11650531,dong,서초구,서초4동,15298,16301,2380,1912,2588,3290,654,3158,4220,3727,4208,6468,4538,3014,1779,620,120,31263.59074,35465.3647,35,0,0,139766
잠원동,11650540,dong,서초구,잠원동,16353,18005,4692,2607,2906,2964,581,2718,4043,4565,5436,6795,5342,3285,1591,638,146,32633.24409,19103.62272,32,12.5,1,155668
반포본동,11650550,dong,서초구,반포본동,5776,6490,740,836,978,1287,251,672,2040,1520,966,2596,2018,1179,976,315,39,8494.418158,14447.69002,8,0,1,143968
반포1동,11650560,dong,서초구,반포1동,15814,17058,6316,2264,2317,2673,629,3233,3525,4625,6143,6708,4058,2905,1480,454,100,29553.77498,7909.657598,29,3.4,2,172872
반포2동,11650570,dong,서초구,반포2동,7732,8512,738,826,1313,1697,471,2052,2711,1400,1822,3871,1977,1338,890,274,68,19445.4513,11232.02575,7,14.3,1, 
반포3동,11650580,dong,서초구,반포3동,9545,10661,1288,1370,1849,2018,384,1910,2735,2220,2680,4341,2918,1868,1107,402,72,18837.67753,8772.627798,9,0,0,227111
반포4동,11650581,dong,서초구,반포4동,9349,10468,1904,1501,1764,1640,418,1909,2304,2445,3110,3781,2889,2257,1177,404,87,19779.57705,30577.25079,40,2.5,1,224702
방배본동,11650590,dong,서초구,방배본동,9935,11421,2086,1550,1721,1898,483,1614,2914,2705,2637,4191,3403,2150,1262,584,96,21778.81172,24778.48317,20,5,0,129364
방배1동,11650600,dong,서초구,방배1동,8223,9243,2881,1692,1402,1220,290,1257,1416,2564,3260,2855,2459,2065,1231,396,78,17648.48853,16066.63629,18,0,0,121183
방배2동,11650610,dong,서초구,방배2동,10005,11175,3133,2061,1686,1518,387,1330,1761,3147,3416,3253,3402,2834,1601,491,94,24210.69293,18152.94535,25,12,1,138448
방배3동,11650620,dong,서초구,방배3동,10838,11593,2272,1895,1886,1866,447,1420,2185,3109,3146,3486,3837,3129,1609,541,112,21747.56702,17708.51991,18,0,0,134998
방배4동,11650621,dong,서초구,방배4동,11027,12958,3402,2000,1803,1924,469,1785,2756,3316,3855,4485,3540,2323,1594,546,83,24883.74895,21186.65855,25,0,0,115970
양재1동,11650651,dong,서초구,양재1동,21922,23915,5908,3952,3418,3469,1102,4928,4177,5689,7702,8008,6441,5375,2755,948,202,46711.37048,38840.92258,46,2.2,1,120974
양재2동,11650652,dong,서초구,양재2동,11635,11492,4936,2210,1656,1462,398,1686,1692,3624,4805,4021,3455,2445,1225,347,75,23928.01925,106292.0752,46,8.7,1,91743
내곡동,11650660,dong,서초구,내곡동,9028,9459,2072,1810,1516,1361,349,2331,1240,2025,3171,2989,2519,2348,1379,460,79,17939.45587,5500.459035,13,7.7,1,87352
강남구,11680,gu,강남구,계,259645,282853,90342,43268,41077,43077,9885,39067,60127,77834,88205,100225,80140,57173,31718,10752,2105,559056.0547,1276126.203,976,3.3,26,164009
신사동,11680510,dong,강남구,신사동,8068,9307,2943,1575,1291,1234,325,1085,1786,2509,2731,3229,2469,1822,1386,541,85,19154.67756,34856.85615,44,6.8,1,189594
논현1동,11680521,dong,강남구,논현1동,10751,12430,9268,2453,1211,858,259,819,1003,4829,6199,3915,2879,2305,1296,440,73,23524.22978,46396.72499,80,1.3,2,164930
논현2동,11680531,dong,강남구,논현2동,10196,11607,6126,2094,1525,1216,279,1265,1399,3597,4849,3846,2905,2248,1424,451,76,22009.85774,57741.8103,77,5.2,2,139437
압구정동,11680545,dong,강남구,압구정동,12748,14963,3036,2362,2392,2254,517,2346,2921,3368,3822,5094,3875,3110,2320,830,164,28057.41894,62593.02364,57,3.5,0,197817
청담동,11680565,dong,강남구,청담동,14047,15860,4663,2425,2391,2268,548,2455,2662,4329,5178,5194,4528,3275,1808,579,134,29325.45591,80808.6612,55,1.8,1,168623
삼성1동,11680580,dong,강남구,삼성1동,7340,7405,1974,1222,1186,1144,286,997,1474,2193,2346,2514,2442,1761,987,268,71,15222.80381,129114.8383,55,5.5,3,173572
삼성2동,11680590,dong,강남구,삼성2동,14337,15742,5621,2292,2293,2331,491,2601,3449,3973,5461,6396,3854,2431,1597,453,82,29970.96539,50190.43597,51,3.9,4,155942
대치1동,11680600,dong,강남구,대치1동,12656,12578,573,914,1941,3140,665,2022,5564,2684,1809,6187,3761,1883,984,332,48,25397.78903,27124.19935,23,0,0,279105
대치2동,11680610,dong,강남구,대치2동,19679,19151,2427,1996,3215,4347,819,2033,6626,5509,3578,7700,6954,4002,1905,551,116,39698.12244,94070.33208,49,0,2,157488
대치4동,11680630,dong,강남구,대치4동,9751,10810,5285,1653,1412,1383,320,829,2652,3553,3627,4246,3154,1527,966,266,31,21426.22893,36677.21285,61,8.2,0,178629
역삼1동,11680640,dong,강남구,역삼1동,17430,18611,16463,3579,1727,1178,332,1248,1525,8140,10600,6017,4300,2974,1677,515,85,35713.26579,182347.0541,200,2.5,2,157738
역삼2동,11680650,dong,강남구,역삼2동,17239,19403,6216,2305,2783,3160,639,3145,5325,4806,5695,8559,4621,2547,1680,501,93,37131.48464,64570.59718,54,0,0,152412
도곡1동,11680655,dong,강남구,도곡1동,10639,11899,2500,1562,1828,2095,431,1859,2380,3302,3505,3913,3526,2494,1199,416,87,21732.53662,61900.32825,29,0,1,183753
도곡2동,11680656,dong,강남구,도곡2동,15941,18298,2223,2298,3008,3433,700,2948,4826,4250,3980,6695,5432,3477,1944,666,135,33694.32683,199479.8426,25,0,2,180024
개포1동,11680660,dong,강남구,개포1동,3402,3649,880,626,509,601,151,385,654,898,759,996,1233,1213,672,201,55,11529.57933,19015.84457,2,0,0,132795
개포2동,11680670,dong,강남구,개포2동,8788,9368,1458,1301,1554,1807,337,1305,2166,2500,2291,2976,3246,2378,968,293,56,11634.91757,9748.607192,11,9.1,3,168681
개포4동,11680690,dong,강남구,개포4동,9031,9364,2928,1536,1424,1435,352,1227,1752,2764,2936,3150,3180,2177,987,301,70,17808.06161,9788.613013,32,3.1,0,86258
세곡동,11680700,dong,강남구,세곡동,21443,23516,5738,3774,3248,3389,1161,5222,4484,5459,7675,7685,6063,4558,2591,1197,239,48222.53123,1780.225451,22,9.1,0,155771
일원본동,11680720,dong,강남구,일원본동,12011,12438,1491,1479,2008,2595,497,2374,3502,2756,3239,4690,3714,2721,969,420,96,27072.2779,41984.23889,10,10,1,142033
일원1동,11680730,dong,강남구,일원1동,8062,8415,3116,1765,1303,990,289,855,1345,2504,2483,2295,2760,2504,1317,482,103,16630.86778,2528.357781,12,8.3,0,120060
일원2동,11680740,dong,강남구,일원2동,8683,9334,2163,1746,1547,1472,294,1284,1902,2047,2771,3127,2696,2482,1324,388,63,18347.38786,8314.885081,7,0,1,218536
수서동,11680750,dong,강남구,수서동,7403,8705,3250,2311,1281,747,193,763,730,1864,2671,1801,2548,3284,1717,661,143,14096.19551,18145.73951,20,0,1,132788
송파구,11710,gu,송파구,계,329200,350047,94289,57966,55523,54770,12103,55162,63010,97896,117972,112618,107296,79446,37324,12930,2261,669576.7121,391514.7256,622,3.7,18,142495
풍납1동,11710510,dong,송파구,풍납1동,7392,7523,2528,1592,1195,1040,207,874,1073,1996,2413,2365,2959,2418,1250,424,45,11287.64703,1295.363442,8,0,0,90189
풍납2동,11710520,dong,송파구,풍납2동,11748,12937,3900,2004,2104,1911,400,1983,2160,3806,4144,4044,3705,2994,1451,503,84,19538.36542,4442.598171,18,0,0,107433
거여1동,11710531,dong,송파구,거여1동,6724,6437,1801,1267,1050,1014,239,748,1187,1865,1713,2170,2440,1796,999,314,42,12309.31844,4524.533141,12,0,1,97150
거여2동,11710532,dong,송파구,거여2동,8424,8665,2486,1782,1422,1193,254,1172,1547,1926,2366,2899,2985,2310,1380,487,76,17620.3911,3082.035738,11,0,0,136240
마천1동,11710540,dong,송파구,마천1동,10655,10149,3548,2081,1559,1388,431,1260,1771,2616,2580,3252,3834,3105,1824,652,93,21410.52974,1203.200291,10,20,1,72130
마천2동,11710550,dong,송파구,마천2동,10284,9954,3086,2093,1642,1357,353,1101,1622,2600,2486,3097,4035,3010,1731,610,117,21776.06681,2558.255294,10,10,0,97886
방이1동,11710561,dong,송파구,방이1동,7928,8448,1798,1198,1329,1457,337,1139,1839,2566,2355,2833,2767,1806,817,335,49,14163.14987,8381.90416,22,4.5,1,110210
방이2동,11710562,dong,송파구,방이2동,12362,13371,7062,2690,1830,1400,334,1441,1469,4763,5838,3800,3947,3025,1418,441,68,26263.20805,21616.69686,38,5.3,0,135306
오륜동,11710566,dong,송파구,오륜동,9279,9678,668,1049,1610,2097,448,1412,2968,2375,1875,3523,3172,2322,908,338,75,19392.83795,27212.1574,16,0,1,333684
오금동,11710570,dong,송파구,오금동,19961,20938,4223,3541,3559,3374,798,3127,3632,6038,6123,6142,7351,5306,2299,930,188,39727.16753,26473.3953,40,0,1,103822
송파1동,11710580,dong,송파구,송파1동,12198,13630,5801,2653,1940,1524,385,1543,1591,4826,5851,3682,3950,2995,1379,430,63,28997.26707,15648.27799,24,4.2,0,109775
송파2동,11710590,dong,송파구,송파2동,9993,10664,1528,1501,1755,1934,452,1709,2078,3021,3148,3172,3506,2647,1061,402,78,17537.89213,11310.54879,13,0,0,129176
석촌동,11710600,dong,송파구,석촌동,16040,17385,8257,3478,2473,1908,440,1972,2188,5733,7453,5302,5225,3757,1877,584,80,34270.97781,10844.55812,45,0,1,128332
삼전동,11710610,dong,송파구,삼전동,15479,17015,8185,3238,2398,1925,439,1932,2314,5433,7259,5454,4853,3440,1595,505,105,31546.78836,6876.809309,36,2.8,0,143652
가락본동,11710620,dong,송파구,가락본동,13662,13938,4425,2436,2271,2054,500,1777,2131,4460,5092,4128,5049,3306,1408,534,74,31195.18251,32092.77454,43,4.7,0,127851
가락1동,11710631,dong,송파구,가락1동,12723,13263,1684,2351,2394,2377,431,2975,2212,3656,5300,3901,3872,2820,1013,265,44,863.8365246,5737.849007,6,0,2,102804
가락2동,11710632,dong,송파구,가락2동,16555,17226,2823,2484,2933,3199,630,2825,3812,4919,5141,5809,5502,3769,1529,591,92,34712.05718,9268.470768,19,0,2,121732
문정1동,11710641,dong,송파구,문정1동,10495,10655,2768,1834,1746,1684,399,1462,1710,3447,3785,3030,3663,2716,1106,362,68,20141.87824,30109.03146,15,6.7,1,108140
문정2동,11710642,dong,송파구,문정2동,13914,15842,8388,2755,1960,1800,365,1780,1641,5511,7954,4240,3584,3049,1469,590,99,27347.38032,37349.26085,64,4.7,0,231907
장지동,11710646,dong,송파구,장지동,16583,17655,3708,3152,2969,2730,650,2901,3392,4811,5521,5502,5793,3957,1769,664,148,36477.85719,7756.7918,25,4,1,119764
위례동,11710647,dong,송파구,위례동,13821,14528,1050,1740,2335,2903,780,4953,3352,2877,5399,5449,3300,1936,822,251,68,27992.16253,1426.982901,14,7.1,1,215981
잠실본동,11710650,dong,송파구,잠실본동,13738,15311,7907,2911,2054,1610,378,1514,2034,5205,6436,4730,4425,3263,1505,481,70,23911.17104,8205.632828,55,9.1,0,167542
잠실2동,11710670,dong,송파구,잠실2동,17528,19177,1862,1878,3061,4330,697,4519,6006,3270,4861,8963,4473,2730,1463,422,79,27878.78704,5873.034461,23,0,0,543268
잠실3동,11710680,dong,송파구,잠실3동,17185,18862,1966,2566,3210,3638,711,3510,4046,4334,5091,6341,5356,4611,2195,640,127,35929.36419,19745.37576,17,0,1,128940
잠실4동,11710690,dong,송파구,잠실4동,11481,12288,1381,1553,2239,2372,444,3360,2375,2291,3986,4554,3117,2576,1154,348,78,55904.48131,17933.94325,6,33.3,1,448214
잠실6동,11710710,dong,송파구,잠실6동,8255,9056,952,1340,1584,1556,389,1514,1723,2216,2656,2703,2749,2330,1044,437,90,32729.34291,117166.6331,30,0,2,212606
잠실7동,11710720,dong,송파구,잠실7동,4793,5452,504,799,901,995,212,659,1137,1335,1146,1533,1684,1452,858,390,61,9121.669668,6233.703894,2,0,1, 
강동구,11740,gu,강동구,계,209746,214489,62524,38257,34433,32260,7689,31178,38222,58421,66375,68963,71618,55572,27093,9221,1666,412498.3679,79803.87195,399,4.5,10,109765
강일동,11740515,dong,강동구,강일동,15666,16727,2202,2569,2237,2877,1066,3008,4497,3983,3621,5737,5059,3612,1978,883,146,24566.08123,1225.972458,21,4.8,0,175627
상일동,11740520,dong,강동구,상일동,5496,5530,1164,880,930,921,224,657,1296,1472,1389,1659,2135,1561,660,229,49,16355.04602,4528.274863,11,0,1,80301
명일1동,11740530,dong,강동구,명일1동,10942,11392,1954,1676,1945,2016,451,1657,2510,2938,3072,3746,3680,2942,1284,459,107,21553.29978,2493.098349,18,5.6,2,126290
명일2동,11740540,dong,강동구,명일2동,8847,9079,1127,1064,1343,1946,423,1201,2675,2420,1913,3177,3045,2279,858,314,83,19061.98626,2125.488357,18,5.6,0,117438
고덕1동,11740550,dong,강동구,고덕1동,13859,13455,1573,1617,2281,2914,599,3375,3455,2833,4367,5381,3777,2624,1024,436,108,24481.41028,1776.671658,8,0,1,184567
고덕2동,11740560,dong,강동구,고덕2동,3835,3400,1460,766,558,417,114,313,560,942,832,1060,1514,1207,624,245,49,6388.665914,1716.943531,6,0,0,81687
암사1동,11740570,dong,강동구,암사1동,18360,18622,6116,3697,3097,2569,551,2542,3008,5114,5844,6012,6406,4872,2527,833,134,51601.8885,5924.94779,32,3.1,1,102735
암사2동,11740580,dong,강동구,암사2동,7095,7482,1820,1332,1288,1182,213,1356,1044,1926,2707,2374,2191,1731,957,288,43,7415.844053,1224.028167,10,0,0,116545
암사3동,11740590,dong,강동구,암사3동,9256,9638,1039,1331,1638,1811,407,2144,2088,2100,2806,3395,2797,2262,986,295,67,25655.36022,4375.037285,7,0,0,95057
천호1동,11740600,dong,강동구,천호1동,14133,14437,5089,2959,2398,1829,446,1690,2092,4076,4469,4289,5101,4220,2155,671,117,30739.36894,3356.104133,23,0,0,90920
천호2동,11740610,dong,강동구,천호2동,17713,17696,8529,3846,2725,1980,437,2068,2141,4989,6503,5459,6543,4847,2641,844,145,30165.30815,4313.255226,48,6.3,0,104572
천호3동,11740620,dong,강동구,천호3동,13717,14065,6494,2938,2193,1571,372,1691,1539,4195,5093,4155,4896,4012,2029,657,90,38762.64817,5361.928176,29,3.4,0,112109
성내1동,11740640,dong,강동구,성내1동,9987,10620,2359,1844,1800,1637,398,1695,1932,2753,3464,3496,3159,2516,1235,409,69,18394.40979,12629.97068,23,8.7,1,106415
성내2동,11740650,dong,강동구,성내2동,12307,12512,6108,2742,1954,1291,317,1318,1382,3968,4661,3848,4414,3451,1829,578,93,26787.90072,9276.11778,26,3.8,2,117569
성내3동,11740660,dong,강동구,성내3동,11786,11973,3742,2230,1972,1771,392,1482,2070,3630,3833,3773,4127,3017,1561,465,71,26357.37017,5153.799303,31,9.7,1,111788
길동,11740685,dong,강동구,길동,22846,23652,8106,4322,3748,3213,788,2920,3397,6998,7633,7118,7929,6573,3072,1003,172,64610.31007,13199.28103,62,4.8,1,106628
둔촌1동,11740690,dong,강동구,둔촌1동,130,144,115,21,13,14,2,8,7,25,32,53,40,60,37,11,8,318.8815741,1543.140736,4,0,0, 
둔촌2동,11740700,dong,강동구,둔촌2동,13771,14065,3527,2423,2313,2301,489,2053,2529,4059,4136,4231,4805,3786,1636,601,115,17465.16491,5278.577086,22,4.5,0,94649
