,code,profitscore,stablescore,profit2018,profit2019,profit2020,expectedprofit2020,survive2018,survive2019,survive2020,expectedsurvive2020
0,11110515,104.78253,94.478836,74717455.0,58056517.0,32006332.0,51609068.71826416,90.9,100.0,91.7,95.62877
1,11110530,123.59653,99.9252,82239199.0,48355905.0,44629471.0,61044514.81995361,96.2,96.3,96.7,96.19206
2,11110540,110.10424,90.17889,72501266.0,35726802.0,20644838.0,46864788.678863525,100.0,66.7,100.0,95.184044
3,11110550,96.695526,93.72737,50518431.0,46730211.0,36622411.0,46326189.24604126,100.0,100.0,91.7,95.55105
4,11110560,86.8078,94.96039,21683974.0,18922506.0,24478622.0,41590645.23516479,100.0,100.0,100.0,95.67857
5,11110570,104.02113,92.418304,282000000.0,175000000.0,159000000.0,108036152.42780639,100.0,100.0,100.0,95.41566
6,11110580,101.32231,97.313034,18078925.0,16375300.0,15189186.0,43160262.66822998,100.0,93.3,100.0,95.9219
7,11110600,107.79193,93.64232,62993164.0,46870888.0,46916698.0,53291786.38121704,100.0,100.0,100.0,95.54225
8,11110615,128.85788,146.3475,65246898.0,51234956.0,44199419.0,63166554.58978882,96.2,96.4,91.5,100.99332
9,11110630,115.99407,100.36242,60300882.0,54911801.0,54752791.0,62646694.65680542,96.0,96.2,100.0,96.23728
10,11110640,106.35798,98.20908,135000000.0,122000000.0,150000000.0,93329381.83,88.9,100.0,94.7,96.01457
11,11110650,110.79262,100.51674,46167608.0,34424043.0,30640744.0,49296768.2889148,100.0,100.0,100.0,96.25324
12,11110670,112.10146,91.01253,67553378.0,59940757.0,64242900.0,62686067.91132568,100.0,100.0,100.0,95.27026
13,11110680,98.13744,88.92728,86576723.0,58587808.0,61860647.0,62039674.377890624,100.0,100.0,100.0,95.054596
14,11110690,98.06049,93.83625,54519959.0,61788073.0,12048044.0,58948041.220654294,100.0,100.0,100.0,95.56231
15,11110700,95.47468,91.98839,81415561.0,67737708.0,63671322.0,63520390.36847656,100.0,100.0,100.0,95.37119
16,11110710,97.89141,99.970345,65861194.0,55499124.0,63447943.0,57964350.75616822,100.0,96.3,100.0,96.19673
17,11110,0.0,0.0,66131506.89,53100653.49,49730464.06,59243358.03813965,97.29939577,97.122478386,95.98443804,96.00399
18,11140520,115.70782,114.493,76910347.0,60376099.0,53499882.0,63390425.672402345,98.1,98.0,100.0,97.698746
19,11140540,105.173294,117.04305,63988517.0,52264589.0,31178842.0,49701753.6829419,95.3,97.8,91.7,97.96249
20,11140550,110.84846,132.74937,74186210.0,68759841.0,48529243.0,56809733.06868531,90.9,98.8,100.0,99.58692
21,11140570,104.58737,102.367035,75734321.0,47776249.0,39023219.0,54457839.1848706,100.0,96.9,100.0,96.44461
22,11140580,100.07581,94.30401,59902075.0,48751219.0,34236275.0,48183910.704648435,100.0,94.1,81.2,95.61069
23,11140590,102.36584,114.72426,76746925.0,63958695.0,46045293.0,53924628.165687256,95.7,100.0,98.2,97.722664
24,11140605,109.748505,103.79295,51832757.0,51038574.0,40839318.0,53994808.8714795,93.5,96.6,97.1,96.59209
25,11140615,113.38943,103.80254,60394851.0,50838733.0,55381230.0,60061799.21521606,97.4,94.1,96.9,96.59308
26,11140625,102.53925,95.07922,78461799.0,55521349.0,36943084.0,56071944.48733643,93.7,88.2,100.0,95.690865
27,11140635,98.09692,92.77408,62816550.0,34386407.0,50351495.0,51305963.00684936,100.0,100.0,100.0,95.45245
28,11140645,98.587326,88.85241,63489359.0,75200311.0,77566455.0,61825177.471518554,85.7,83.3,100.0,95.04685
29,11140650,106.13076,90.190025,81474640.0,63726698.0,50151971.0,58086907.27431762,85.7,100.0,85.7,95.185196
30,11140665,99.148,92.94227,40036474.0,39639834.0,49268261.0,51075914.696348876,92.3,100.0,100.0,95.46985
31,11140670,107.67836,92.21788,87215483.0,80646247.0,66455474.0,65013767.886397704,100.0,92.3,100.0,95.39493
32,11140680,101.55735,95.467606,41288743.0,38811975.0,35637841.0,48469922.77082886,92.9,100.0,100.0,95.73103
33,11140,0.0,0.0,68506413.12,57454297.1,45386354.25,57362845.12761231,95.133796296,97.180796253,97.342888889,96.41216
34,11170510,92.972725,96.97415,57597457.0,37253645.0,44619103.0,47087115.42374146,100.0,94.1,100.0,95.88685
35,11170520,99.90974,93.47531,33918425.0,19921019.0,16518912.0,42918881.9769104,94.1,94.4,100.0,95.52498
36,11170530,108.79761,101.48102,64131041.0,37026882.0,42827723.0,53914184.59264892,100.0,100.0,97.0,96.352974
37,11170555,99.48985,102.19545,65837384.0,46916145.0,42032788.0,51308621.61983398,96.4,92.6,92.6,96.426865
38,11170560,105.904686,96.60266,72469145.0,49413041.0,53390330.0,56502685.77266236,100.0,95.2,100.0,95.84843
39,11170570,93.707535,94.265724,57211911.0,60163168.0,55655841.0,52620528.179729,100.0,93.3,93.3,95.60673
40,11170580,97.89747,92.68755,55540082.0,52213771.0,35912843.0,47383520.35396484,90.0,100.0,100.0,95.443504
41,11170590,99.00418,92.15156,30214018.0,25756737.0,21991442.0,46498024.03010376,85.7,100.0,100.0,95.38807
42,11170625,109.69643,107.894104,99934004.0,93487189.0,63867253.0,65735681.49807984,93.5,97.8,97.9,97.01625
43,11170630,100.202705,95.49985,74653804.0,41459226.0,42450245.0,50705266.940131836,100.0,100.0,100.0,95.73437
44,11170640,93.07983,91.335625,65880495.0,84565506.0,85694440.0,63791410.7796167,100.0,100.0,100.0,95.30368
45,11170650,115.451836,94.755905,108000000.0,98282185.0,59929899.0,69508458.78779663,100.0,96.0,100.0,95.657425
46,11170660,107.889366,91.54085,93592090.0,67588808.0,76459724.0,62140658.300826415,86.7,92.9,100.0,95.324905
47,11170685,120.64134,95.56719,90797206.0,73013155.0,64423436.0,66345910.87055298,100.0,100.0,100.0,95.74133
48,11170690,97.24452,91.52521,72299563.0,39585793.0,45095689.0,50681929.54898316,100.0,100.0,100.0,95.32329
49,11170700,104.93027,88.31679,72200848.0,67345273.0,93185622.0,69426120.55796753,90.9,100.0,100.0,94.991455
50,11170,0.0,0.0,75278389.55,59672998.79,52259915.29,53187688.051457524,96.610847458,96.883737024,98.356435644,95.72319
51,11200520,99.92287,92.357445,46417981.0,20687061.0,15302530.0,38180045.801186524,100.0,100.0,90.0,95.40936
52,11200535,91.08411,103.698975,49985042.0,50690539.0,44020071.0,49065098.06302856,100.0,90.6,96.4,96.58237
53,11200540,94.16402,95.57605,74588530.0,58983771.0,57043998.0,51268445.91183105,92.9,100.0,100.0,95.74225
54,11200550,103.792915,102.36858,85067398.0,113000000.0,57207452.0,61902440.42181274,97.1,100.0,97.1,96.44477
55,11200560,99.36753,96.25057,48718586.0,48955365.0,46659716.0,54750820.57883057,88.9,100.0,100.0,95.81201
56,11200570,96.010376,94.240425,51862070.0,51291781.0,55512354.0,52390567.21168335,100.0,100.0,100.0,95.60411
57,11200580,104.354,87.2094,6666667.0,6666667.0,0.0,58368407.53860474,100.0,100.0,100.0,94.87692
58,11200590,100.12098,90.51895,40382745.0,6209688.0,14872903.0,40236023.2178418,90.9,75.0,88.9,95.219215
59,11200615,96.8289,96.19665,70164679.0,33194624.0,31498366.0,46592685.78384033,100.0,100.0,100.0,95.806435
60,11200620,103.85136,90.20153,15038580.0,11203197.0,14542557.0,39859140.577183835,100.0,100.0,100.0,95.186386
61,11200645,97.613014,93.73379,81480033.0,80773150.0,175000000.0,95586002.13542481,100.0,63.6,100.0,95.55171
62,11200650,91.088036,99.35255,74661891.0,52226851.0,41927823.0,50359743.9598584,100.0,100.0,100.0,96.132835
63,11200660,102.83303,101.78959,51548788.0,42323574.0,43976311.0,54229567.5044812,100.0,93.1,100.0,96.38489
64,11200670,102.14119,96.99547,68713476.0,54968109.0,51330766.0,55075559.688048095,100.0,95.7,95.5,95.88905
65,11200690,89.914314,116.789955,67476364.0,53434899.0,63179364.0,54668629.69099487,100.0,92.5,98.2,97.93631
66,11200720,94.65821,91.81813,67001447.0,53042630.0,41011283.0,47806778.42042847,100.0,100.0,100.0,95.353584
67,11200790,104.58315,91.37915,50984445.0,42259641.0,44994326.0,52348584.21223755,94.4,93.3,100.0,95.30818
68,11200,0.0,0.0,61771834.32,54243271.79,52166276.06,51528279.93398681,98.157846154,94.539549839,98.116037736,95.83767
69,11215710,124.52706,115.06004,101000000.0,75762823.0,60226005.0,67384437.8383838,96.8,93.7,96.7,97.75739
70,11215730,99.84321,100.38514,42107278.0,32746282.0,35202797.0,48233585.15637696,100.0,100.0,100.0,96.23963
71,11215740,102.41364,96.42415,79262380.0,72541145.0,83985705.0,65162763.31878174,100.0,100.0,93.3,95.82996
72,11215750,87.48417,102.210205,35192447.0,39841891.0,35672981.0,48167718.24659546,84.6,95.8,96.3,96.42839
73,11215760,97.003105,95.929756,48675931.0,44741668.0,69082665.0,51002704.87685547,90.0,95.0,94.1,95.77883
74,11215770,90.83773,98.22553,39592054.0,35608315.0,34920187.0,43015687.69783081,92.0,90.9,95.0,96.01627
75,11215780,107.65472,95.26955,41527628.0,42874406.0,33783080.0,50692482.45681763,90.0,100.0,95.2,95.71055
76,11215810,104.419304,98.911125,67761771.0,37985825.0,51579789.0,62007780.05488159,92.9,96.0,95.0,96.08718
77,11215820,102.75833,98.796936,72560926.0,66151509.0,72106884.0,61593419.28355591,100.0,95.8,90.9,96.07537
78,11215830,98.484886,98.66032,52464265.0,30948333.0,44863911.0,50779442.409538575,95.2,95.2,95.0,96.06124
79,11215840,92.7691,101.916466,114000000.0,73645292.0,68310189.0,52022339.039967045,92.9,100.0,96.4,96.39801
80,11215847,102.50049,101.192444,76593672.0,52167900.0,102000000.0,70067827.70041505,97.0,100.0,96.7,96.32313
81,11215850,110.09218,102.77268,56779022.0,39247239.0,51413319.0,57248134.2525708,96.4,86.2,96.4,96.486565
82,11215860,94.106995,99.48083,58195247.0,34423087.0,56957760.0,51523744.9629187,100.0,100.0,94.4,96.1461
83,11215870,99.47297,103.822014,73109885.0,60640613.0,53026409.0,54297713.15418701,93.5,93.3,93.7,96.59509
84,11215,0.0,0.0,68227320.22,52159890.57,57021707.31,54928610.9539624,94.861369193,95.70530303,95.611597938,96.262245
85,11230536,95.56742,111.97791,62042207.0,54372889.0,61628909.0,56017057.9166333,98.4,96.3,98.0,97.43862
86,11230545,94.90713,99.25127,68994146.0,65668922.0,43903531.0,54798368.65274048,96.3,100.0,96.7,96.12236
87,11230560,88.02703,103.37705,57522388.0,35902517.0,34583604.0,43470448.69651123,100.0,93.1,89.7,96.54907
88,11230570,92.36721,94.26454,74310994.0,56197918.0,38319238.0,46405068.41663574,100.0,100.0,100.0,95.606606
89,11230600,87.89052,106.59838,58958345.0,38097529.0,34899171.0,48138004.20324829,90.6,100.0,90.9,96.88224
90,11230610,91.019485,95.09877,60871899.0,32777471.0,46352297.0,44330187.360330805,100.0,94.1,100.0,95.69289
91,11230650,97.69419,116.93661,66197618.0,54965091.0,62552819.0,56798070.348665774,94.4,100.0,96.3,97.95148
92,11230660,93.1633,106.94715,67883641.0,56865764.0,56861347.0,53820403.18428345,97.1,100.0,97.4,96.91831
93,11230705,95.58209,95.532524,56329957.0,21632254.0,46437015.0,47534291.521898195,100.0,87.5,100.0,95.73775
94,11230710,110.07627,97.67796,61175789.0,55311784.0,62387884.0,60926905.36967774,92.0,100.0,95.7,95.95964
95,11230720,101.91669,93.08501,64325948.0,40104654.0,39397407.0,52625323.65412475,100.0,93.7,94.4,95.48461
96,11230730,93.98314,97.099556,87485639.0,58560745.0,49230496.0,54461728.8342981,93.7,100.0,100.0,95.89982
97,11230740,101.71247,98.09364,92601967.0,74197673.0,58004847.0,54364684.810372315,100.0,93.9,100.0,96.00263
98,11230750,90.95483,94.306076,55881939.0,41790215.0,26836862.0,42221767.8267041,100.0,91.7,92.3,95.6109
99,11230,0.0,0.0,66820860.41,51481131.29,50325277.79,48028903.039058834,96.954060914,97.092612137,96.377202073,96.2755
100,11260520,80.03367,98.9593,39050107.0,19660466.0,25457421.0,36764925.52078369,95.2,95.2,100.0,96.09216
101,11260540,88.65414,95.07827,57410857.0,41296743.0,31184826.0,41878172.799088135,100.0,100.0,100.0,95.690765
102,11260550,95.025925,91.46177,29137686.0,33883656.0,18293788.0,46500272.64468994,100.0,83.3,100.0,95.31673
103,11260565,82.85719,102.141235,73360264.0,61806498.0,63451141.0,48675888.40720459,100.0,100.0,96.7,96.42126
104,11260570,93.25707,98.71645,75762724.0,74791589.0,92266590.0,64901090.20030884,94.1,100.0,100.0,96.06705
105,11260575,103.21941,98.38015,59249315.0,44745322.0,41177967.0,50887415.9618811,100.0,100.0,95.0,96.032265
106,11260580,86.07865,95.61263,37499442.0,24446068.0,28418951.0,46430910.129198,100.0,100.0,92.9,95.74603
107,11260590,112.07174,105.07384,79346012.0,64119884.0,62500896.0,62152319.406391606,97.1,100.0,100.0,96.72456
108,11260600,83.402855,96.70675,21751974.0,11536094.0,16273713.0,34952503.23248047,100.0,100.0,88.9,95.85919
109,11260610,92.14903,97.730705,95204660.0,46066636.0,48189386.0,48977824.122940674,93.3,100.0,95.0,95.965096
110,11260620,95.60361,99.781136,50932611.0,27959874.0,25849817.0,46710275.35132568,100.0,95.5,95.5,96.17716
111,11260630,96.3417,96.682106,41653836.0,32780086.0,30059129.0,48639908.75649292,84.6,92.9,100.0,95.85664
112,11260655,88.88439,103.13613,67943131.0,62864446.0,61550340.0,55174351.5216333,100.0,100.0,93.5,96.524155
113,11260660,82.47553,93.57674,37268307.0,41509426.0,39763348.0,41867644.182186276,100.0,100.0,100.0,95.53547
114,11260680,88.37905,98.154205,43758370.0,29027705.0,28496496.0,39329267.976824954,85.0,100.0,90.0,96.008896
115,11260690,94.548134,92.721855,73737065.0,51781286.0,40604686.0,49047102.244548336,100.0,100.0,100.0,95.44705
116,11260,0.0,0.0,58340427.68,44052423.94,44559840.25,47168686.306588136,96.948310811,98.677483444,96.467202572,95.96653
117,11290525,95.07512,96.20417,33522341.0,44527758.0,43178677.0,50621403.2425,94.4,100.0,100.0,95.80721
118,11290555,98.40688,102.50535,53740643.0,38182336.0,47024499.0,51108036.74269043,94.4,97.2,100.0,96.458916
119,11290575,105.0674,106.33673,56742466.0,39791672.0,35996911.0,50600523.982951656,95.1,95.2,97.3,96.85518
120,11290580,89.979774,92.02719,26051017.0,11124681.0,10356696.0,36491848.21854492,100.0,100.0,100.0,95.375206
121,11290590,97.47141,90.54558,43410743.0,20057909.0,26368464.0,43496444.328747556,100.0,80.0,80.0,95.22197
122,11290600,93.8959,108.14764,60155861.0,51375222.0,38566944.0,46729514.67407471,93.9,93.9,100.0,97.04247
123,11290610,94.62481,96.51451,45184213.0,25901116.0,29779052.0,43006495.18935303,100.0,94.4,94.1,95.83931
124,11290620,93.95155,93.50246,135000000.0,111000000.0,45237688.0,62564317.26664307,81.8,100.0,100.0,95.52779
125,11290630,93.32256,95.87414,51955946.0,40940917.0,31189796.0,43304990.32460205,100.0,92.9,100.0,95.77308
126,11290640,92.89227,94.66502,89724124.0,62812309.0,44078084.0,49554075.91838013,100.0,93.3,100.0,95.648026
127,11290650,93.64844,97.67265,73582733.0,65854507.0,54811950.0,49849141.243336186,100.0,93.3,100.0,95.95909
128,11290660,117.15653,89.93538,189000000.0,33422962.0,14791038.0,47507105.10411377,83.3,100.0,100.0,95.15886
129,11290685,100.327126,94.215485,70482544.0,112000000.0,93767196.0,64976788.751173094,85.7,100.0,100.0,95.60153
130,11290705,92.85681,99.677414,62165481.0,65717992.0,51000855.0,50767087.1531958,89.3,100.0,100.0,96.166435
131,11290715,95.67001,94.83661,45799094.0,26840574.0,36652924.0,46671383.82070068,100.0,100.0,76.9,95.66577
132,11290725,99.60602,98.09017,56801081.0,38112252.0,29238883.0,46055477.9052539,92.0,95.7,91.7,96.00227
133,11290760,85.004395,93.69285,70864825.0,61299368.0,61364084.0,49702747.137309566,100.0,100.0,100.0,95.54748
134,11290770,94.55282,91.060326,52152471.0,36981070.0,63039538.0,54334356.981000975,90.9,100.0,100.0,95.27521
135,11290780,91.82413,90.799194,76146306.0,61744823.0,24601997.0,41009349.618588865,100.0,66.7,100.0,95.2482
136,11290810,86.632416,99.87423,65595667.0,48700169.0,52163454.0,47981261.34800781,91.7,92.6,95.7,96.18679
137,11290,0.0,0.0,62022656.83,48405855.16,42037935.1,52007166.27570923,94.455401662,95.795238095,97.475842697,95.81804
138,11305534,93.051186,92.318275,33872968.0,24351191.0,25767945.0,41951181.1810376,100.0,92.3,100.0,95.40531
139,11305535,88.80566,102.63709,48664661.0,20119900.0,40868505.0,46273466.01690552,100.0,97.1,96.9,96.47254
140,11305545,100.49298,103.016335,67839638.0,41825233.0,47138367.0,51934843.02996582,92.0,96.2,100.0,96.511765
141,11305555,84.707924,99.95663,46934575.0,47183262.0,40836763.0,44694424.63096313,96.3,96.2,87.0,96.19531
142,11305575,101.68333,93.27577,83953971.0,65892797.0,41722055.0,51615099.25123046,100.0,100.0,77.8,95.50434
143,11305590,94.485504,104.3625,70418436.0,66693066.0,62346889.0,56431922.84410156,93.9,93.9,93.3,96.65099
144,11305600,87.77058,91.940216,49983180.0,51679925.0,41826748.0,45887076.13308594,100.0,100.0,100.0,95.36621
145,11305606,85.81026,94.90897,81271045.0,56057730.0,54220023.0,48931287.14482422,87.5,100.0,100.0,95.673256
146,11305610,88.97153,97.86385,64579913.0,47471404.0,46676774.0,44856356.25906982,94.7,100.0,95.7,95.97887
147,11305620,88.473854,96.19945,50180127.0,40700592.0,50379957.0,46246618.45490478,100.0,94.7,88.2,95.806725
148,11305630,113.38306,105.2905,74710866.0,54233706.0,55166706.0,59482207.409873046,97.0,97.1,100.0,96.74697
149,11305645,93.99311,93.91762,84864169.0,39903200.0,34403649.0,45556554.539738774,100.0,89.5,100.0,95.570724
150,11305660,67.42587,104.81256,37846162.0,29923208.0,30766683.0,34199809.08496338,100.0,85.2,96.3,96.69754
151,11305,0.0,0.0,59620150.7,43755170.21,45269963.89,44887147.928046875,97.000374532,94.875824176,95.594117647,96.04466
152,11320511,92.13637,94.20538,82524399.0,58686748.0,93716003.0,46166321.338298336,100.0,100.0,86.7,95.60049
153,11320512,83.21221,99.98554,63040542.0,46864923.0,52561478.0,43639338.03508057,100.0,100.0,95.5,96.1983
154,11320513,85.382256,96.502045,31772557.0,34056963.0,24032017.0,45094626.550842285,90.9,100.0,100.0,95.83802
155,11320514,98.581406,97.8435,59789489.0,37873417.0,44288387.0,51252773.09825195,94.1,100.0,100.0,95.97676
156,11320515,98.1421,96.81961,89857658.0,69214906.0,60776532.0,57240622.7084143,100.0,100.0,94.7,95.870865
157,11320521,89.68192,100.22883,61962294.0,68911497.0,70912623.0,55585806.59248291,100.0,90.0,100.0,96.223465
158,11320522,92.47129,93.591644,31337536.0,15328720.0,19615930.0,37949147.803205565,92.3,92.9,100.0,95.53701
159,11320660,81.80777,96.871025,58834495.0,43898218.0,48306808.0,44233818.97903809,94.4,94.1,100.0,95.87618
160,11320670,95.73009,94.54796,57167541.0,50070186.0,53082060.0,52327439.221475825,71.4,83.3,100.0,95.63592
161,11320680,94.953766,94.73023,45824107.0,36744046.0,25366072.0,42206500.355878904,100.0,100.0,100.0,95.65477
162,11320681,92.59513,93.13185,75750321.0,72693518.0,56803029.0,53724217.18345459,100.0,100.0,100.0,95.489456
163,11320690,101.59695,101.24032,98309480.0,83781119.0,88534446.0,68490726.06841674,100.0,100.0,100.0,96.32808
164,11320700,80.42831,96.3641,88851541.0,71740883.0,54067449.0,48312610.15880493,91.7,100.0,100.0,95.82375
165,11320710,90.88547,92.746864,73209271.0,55593235.0,50847544.0,50280839.31906738,100.0,100.0,100.0,95.44964
166,11320,0.0,0.0,67059813.49,54759292.73,55441799.86,48308369.643748775,95.884474886,97.272272727,98.279310345,95.821625
167,11350560,102.71047,103.748985,48718168.0,34273160.0,34068342.0,53755414.1269751,100.0,97.3,97.0,96.58754
168,11350570,78.16983,97.05707,37449910.0,29725094.0,18417152.0,32389687.435306396,100.0,100.0,100.0,95.895424
169,11350580,95.676094,90.66125,52182379.0,11530139.0,16012427.0,42725955.37605469,100.0,100.0,100.0,95.23393
170,11350595,93.498314,109.877914,46035129.0,32965257.0,35403216.0,45974395.07779175,97.9,95.6,100.0,97.22143
171,11350600,94.92867,107.78714,66374872.0,49612349.0,29400680.0,44636563.108911134,92.7,97.3,97.4,97.00519
172,11350611,84.40014,98.01346,56591822.0,50329286.0,47424127.0,46523485.030389406,100.0,100.0,95.0,95.99434
173,11350612,103.34698,90.70514,28263165.0,0.0,0.0,77182772.23757201,100.0,100.0,100.0,95.23847
174,11350619,94.61538,94.186424,68108330.0,69943707.0,57789384.0,53607573.35877563,100.0,91.7,100.0,95.598526
175,11350621,108.06938,95.27781,63248320.0,59054801.0,36937802.0,52548831.0559497,100.0,100.0,92.3,95.7114
176,11350624,101.62369,93.7852,54384989.0,26345060.0,41389371.0,50661963.094160154,90.9,100.0,100.0,95.55703
177,11350625,94.08629,96.668976,121000000.0,97267864.0,94748961.0,55932211.767414555,100.0,100.0,100.0,95.855286
178,11350630,96.25618,102.385185,54091082.0,45546957.0,57404346.0,52092765.76108886,85.2,100.0,96.0,96.44649
179,11350640,111.55336,104.7205,130000000.0,58431331.0,86706050.0,68914638.21672241,96.0,84.4,100.0,96.68802
180,11350665,85.417725,96.54719,43406546.0,22229858.0,30968757.0,39976909.74102661,93.3,93.7,100.0,95.84269
181,11350670,89.35139,96.07338,45182682.0,39684490.0,27928994.0,41363188.509039305,91.7,92.3,100.0,95.793686
182,11350695,90.917465,101.454834,73827405.0,48031698.0,55689127.0,53246797.71786988,92.9,100.0,96.4,96.350266
183,11350700,104.070656,89.57141,88389112.0,87703938.0,30533888.0,55446249.08153442,100.0,100.0,80.0,95.121216
184,11350710,97.759094,92.53891,63105192.0,23536522.0,14280563.0,58423693.50298096,100.0,88.9,100.0,95.42813
185,11350720,101.79504,89.36398,32735135.0,11377287.0,9079070.0,57455415.02251465,100.0,100.0,100.0,95.09976
186,11350,0.0,0.0,62180063.72,42786446.63,42348536.57,49276215.306964114,96.003714286,96.345352113,98.037359551,95.92994
187,11380510,88.325615,101.63674,54243217.0,36587857.0,44548866.0,44623576.070452884,100.0,100.0,96.8,96.36908
188,11380520,85.491066,94.27295,46448386.0,28191275.0,31842571.0,38731182.32397949,84.6,100.0,78.6,95.607475
189,11380530,87.22575,102.16189,65003032.0,60170676.0,49211422.0,47184812.60766235,100.0,100.0,93.1,96.42339
190,11380551,100.13514,98.51949,55514444.0,42350938.0,51703900.0,53050888.67917237,95.2,100.0,90.0,96.04668
191,11380552,88.73682,106.158585,41367419.0,35142765.0,39718673.0,44757627.14738892,94.1,100.0,100.0,96.836754
192,11380560,81.71613,99.93317,59621074.0,55099619.0,47561115.0,40715187.51316528,100.0,95.5,95.7,96.19289
193,11380570,95.78046,106.434845,74305258.0,56196452.0,49000191.0,51543178.65842773,93.9,97.1,91.7,96.865326
194,11380580,92.51843,101.01997,68752411.0,52472021.0,65676956.0,53045876.74027832,96.3,96.0,96.0,96.30529
195,11380590,99.419846,91.18374,10179624.0,9294491.0,7373322.0,61138814.20954712,75.0,100.0,100.0,95.28797
196,11380600,90.31187,105.8627,91070231.0,73576518.0,74216029.0,57791887.88634887,92.9,100.0,94.1,96.80615
197,11380625,84.437256,110.67054,59876717.0,54735984.0,53787856.0,50792566.04853515,95.1,100.0,97.6,97.303406
198,11380631,95.60148,96.70195,76134577.0,53343708.0,56673734.0,52058315.97954468,90.0,95.0,94.7,95.858696
199,11380632,94.51663,92.08414,48263820.0,41932579.0,49395933.0,49488741.9313086,100.0,91.7,90.0,95.381096
200,11380640,100.35645,92.76818,62634102.0,42243338.0,66736636.0,56520737.7583313,100.0,86.7,91.7,95.45184
201,11380650,102.1054,87.99376,45243343.0,0.0,0.0,53650080.436945796,100.0,100.0,100.0,94.958046
202,11380690,92.61985,110.323395,38880534.0,9722996.0,20300684.0,39583478.284389645,96.9,97.1,100.0,97.2675
203,11380,0.0,0.0,59915608.46,45869165.28,48365171.56,44597851.78912109,95.513445378,97.784679666,94.924331551,96.1851
204,11410520,90.58536,95.35128,54699441.0,36500953.0,23695560.0,48231769.87250854,100.0,100.0,100.0,95.719
205,11410555,93.8928,90.818146,42321069.0,43464554.0,26678364.0,42115134.49372558,100.0,100.0,100.0,95.25016
206,11410565,96.06508,102.91844,74505272.0,67365831.0,59060668.0,55401000.38242675,92.6,100.0,96.9,96.50164
207,11410585,115.14151,123.5178,77828048.0,61366343.0,44665684.0,58409728.744294435,97.6,94.0,100.0,98.63214
208,11410615,92.04031,106.34123,83372158.0,68446332.0,59309545.0,54288390.814218745,97.3,94.9,97.6,96.855644
209,11410620,93.60465,95.533554,63044336.0,33462256.0,34566448.0,47417864.43567261,100.0,100.0,100.0,95.737854
210,11410640,96.357285,93.213806,91872039.0,72014712.0,44689870.0,51448064.85265381,90.9,100.0,100.0,95.49793
211,11410655,98.982765,94.24883,75391002.0,48817910.0,50828632.0,54736127.62927735,100.0,100.0,100.0,95.60498
212,11410660,87.12828,93.58301,62340083.0,54911113.0,14887698.0,36363266.59293823,100.0,100.0,100.0,95.53612
213,11410685,88.41508,99.32983,53458376.0,44483260.0,34528665.0,41582517.215244144,100.0,100.0,100.0,96.130486
214,11410690,101.13205,92.677,60666779.0,53801825.0,8602820.0,38101419.12023438,100.0,100.0,88.9,95.44241
215,11410700,92.5349,99.743515,38899856.0,24177362.0,29745752.0,48169936.25222046,100.0,100.0,95.7,96.17327
216,11410710,93.451355,92.774376,75127729.0,62491147.0,43071419.0,47594262.13373535,90.0,100.0,100.0,95.452484
217,11410720,84.93078,103.256226,55114688.0,45187151.0,73624124.0,41667190.976925045,96.9,96.8,90.3,96.536575
218,11410,0.0,0.0,68259860.86,54085410.29,44975581.53,49740530.79646362,97.293197279,97.420900322,97.861656442,96.07648
219,11440555,102.45644,99.21881,63541429.0,47779367.0,33754418.0,56212243.503691405,95.5,95.7,96.0,96.119
220,11440565,84.06127,101.92362,48559722.0,36009669.0,29574652.0,38770947.52028076,93.3,100.0,96.4,96.39875
221,11440585,102.633575,101.00478,67191914.0,51462195.0,46339504.0,52596464.018225096,100.0,100.0,95.8,96.30372
222,11440590,105.446304,101.42562,47644461.0,50954476.0,43825046.0,54973240.7369104,96.6,100.0,100.0,96.347244
223,11440600,99.17508,103.841194,72922446.0,58834111.0,54872766.0,55978732.877196044,95.1,97.5,95.0,96.59708
224,11440610,107.48523,88.430016,49842795.0,45335422.0,49188461.0,55841947.70036987,100.0,90.0,100.0,95.00317
225,11440630,94.47832,95.69119,71459455.0,50850414.0,64053203.0,56534254.140649416,100.0,100.0,88.2,95.75416
226,11440655,99.34161,102.73063,71504625.0,61457079.0,58523844.0,58526891.73538208,92.7,100.0,97.1,96.482216
227,11440660,133.7359,150.84544,90178696.0,59889367.0,51572967.0,68036730.70583008,93.9,96.0,96.0,101.45852
228,11440680,105.82677,102.47835,78262960.0,66367006.0,63423430.0,60554605.72522949,96.6,89.3,96.6,96.45612
229,11440690,107.90443,100.73826,64886048.0,44234513.0,54643402.0,61805704.94886719,100.0,100.0,100.0,96.27615
230,11440700,103.28952,98.19677,53377675.0,54430556.0,58957043.0,56697093.70576905,100.0,100.0,94.4,96.0133
231,11440710,116.24994,98.80822,57812942.0,46937921.0,55341606.0,61574277.650252685,96.2,96.2,96.0,96.07654
232,11440720,101.0058,101.52949,43071951.0,41250407.0,47339793.0,52326420.45821533,96.8,96.4,92.9,96.35799
233,11440730,90.69488,106.15615,62391219.0,54068521.0,49690152.0,47412969.44015381,90.0,96.9,100.0,96.8365
234,11440740,98.82187,116.3236,73776171.0,59304156.0,60116673.0,58011314.88855469,98.1,98.1,94.1,97.88808
235,11440,0.0,0.0,69686349.63,54250219.69,51674452.57,58371755.9072229,95.673333333,97.248618785,96.132780847,96.64803
236,11470510,105.50897,105.31447,67452083.0,55840828.0,62554291.0,62575345.468286134,94.4,100.0,97.1,96.74945
237,11470520,101.01668,101.4434,41716898.0,22160352.0,33981282.0,45108016.46036621,96.0,92.9,92.6,96.34908
238,11470530,103.49832,95.041824,63108875.0,68391585.0,70285238.0,62984578.372373044,100.0,100.0,100.0,95.687
239,11470540,91.8634,99.51756,33278909.0,30401312.0,31072473.0,42952647.88363037,95.2,95.0,100.0,96.1499
240,11470550,113.038826,98.32556,95751179.0,69847603.0,73467752.0,68685939.49554688,94.7,84.2,94.7,96.02662
241,11470560,94.87014,96.96626,64933586.0,55061086.0,65513343.0,57840845.84412476,100.0,100.0,92.9,95.88603
242,11470570,99.573685,93.4998,38059445.0,25549163.0,40564792.0,47945827.24216187,100.0,88.9,88.9,95.52751
243,11470580,84.48593,93.737625,70632101.0,65416499.0,55192541.0,49432126.74741089,100.0,100.0,100.0,95.55211
244,11470590,96.85205,95.25427,50342883.0,34014228.0,47269290.0,50789056.74785767,93.3,100.0,93.7,95.70897
245,11470600,89.43047,98.30306,43557685.0,28317845.0,30514481.0,40836046.36724243,93.7,100.0,94.7,96.02429
246,11470610,96.38737,93.97582,43407520.0,55843103.0,23822591.0,40707024.499434814,100.0,100.0,100.0,95.576744
247,11470611,88.83879,95.64657,45306961.0,34732442.0,33731568.0,47806179.205549315,100.0,92.3,100.0,95.74954
248,11470620,100.327995,93.46218,75428266.0,70217374.0,69075696.0,59156406.57776855,100.0,100.0,100.0,95.52362
249,11470630,96.874916,93.35463,37337906.0,36494489.0,32513120.0,50583562.31607178,91.7,100.0,100.0,95.5125
250,11470640,93.54063,97.35398,61025285.0,33136879.0,32659935.0,51043574.18632446,94.7,100.0,100.0,95.92613
251,11470650,98.45627,109.52339,44326945.0,31844735.0,43320807.0,50006666.83270264,95.8,90.7,97.6,97.18476
252,11470670,101.88131,93.342896,61517015.0,50649019.0,28457197.0,47585879.203355715,100.0,100.0,100.0,95.511284
253,11470680,96.77402,94.93442,70766365.0,51433708.0,68970693.0,58045672.585080564,90.9,90.9,77.8,95.67589
254,11470,0.0,0.0,55469147.52,43314414.81,46736685.85,54483932.521029055,96.182278481,95.889240506,96.530188679,95.906746
255,11500510,102.25468,103.74559,94534858.0,67360478.0,39713576.0,52808346.662637934,92.0,96.3,100.0,96.58719
256,11500520,105.51717,106.09684,77676754.0,52050277.0,65938426.0,62015201.31960693,100.0,97.1,94.4,96.83037
257,11500530,100.94979,92.967575,59102792.0,51912639.0,37957485.0,53252199.74798584,100.0,100.0,88.9,95.472466
258,11500535,82.09096,102.18638,65367007.0,52429802.0,49882757.0,47021090.494021,100.0,89.3,96.3,96.42593
259,11500540,104.98322,118.75673,79815032.0,68396263.0,76108776.0,65139657.49214844,98.3,96.6,98.3,98.139725
260,11500550,94.0162,94.86641,26794756.0,30963443.0,25063119.0,46791875.49689819,100.0,90.9,100.0,95.66885
261,11500560,109.29182,95.79536,65083674.0,46016365.0,59049010.0,59639286.394617915,100.0,100.0,100.0,95.76493
262,11500570,105.17388,95.64199,65061840.0,52514098.0,51800332.0,55406163.51291992,100.0,94.1,100.0,95.74907
263,11500590,99.199646,103.28182,56136461.0,42786511.0,47558069.0,50673112.93767212,100.0,100.0,96.4,96.53922
264,11500591,106.00666,105.223885,55462279.0,55735798.0,58238352.0,58312245.485008545,100.0,96.9,96.8,96.74008
265,11500593,107.410835,93.523926,52992063.0,39486329.0,46124899.0,52807876.17361939,100.0,100.0,100.0,95.53001
266,11500603,110.34714,131.7634,47943923.0,41907841.0,46038461.0,54758980.97930786,94.3,90.2,98.8,99.48495
267,11500604,104.73183,90.24557,244000000.0,126000000.0,175000000.0,98783327.16039428,100.0,100.0,100.0,95.19094
268,11500605,99.12901,93.97722,38690104.0,0.0,14089936.0,65299666.41147827,100.0,100.0,100.0,95.57689
269,11500611,79.92516,110.34014,46830484.0,26393159.0,16229005.0,46817830.59182129,95.8,97.1,93.0,97.26923
270,11500615,109.4298,99.81013,66505203.0,30573851.0,81566284.0,66237894.612011716,96.7,96.3,95.8,96.18016
271,11500620,89.43896,108.191605,66673375.0,47852661.0,35160226.0,51555482.19018066,100.0,91.1,100.0,97.04702
272,11500630,97.95785,104.60631,80479599.0,66814701.0,70175375.0,58837018.95810059,97.2,93.7,100.0,96.67621
273,11500640,95.42104,100.02988,34351188.0,32169598.0,26554631.0,42317759.04490234,96.3,96.3,96.3,96.20289
274,11500641,93.613365,97.22275,39912508.0,37350437.0,38141793.0,46365267.700927734,100.0,100.0,100.0,95.91256
275,11500,0.0,0.0,63234614.16,48316185.07,50495777.03,51792092.54144776,97.813138686,95.157885305,97.715734266,96.44943
276,11530510,98.04045,106.09544,77388531.0,54291421.0,37987060.0,48789223.45617187,96.8,96.8,100.0,96.83022
277,11530520,108.43545,94.0892,26746919.0,13458139.0,28308939.0,49221633.86062133,90.9,100.0,100.0,95.58847
278,11530530,107.35864,95.31875,61497659.0,39807228.0,43460413.0,56979803.14324707,100.0,100.0,100.0,95.71564
279,11530540,117.67874,121.61985,73845419.0,62954825.0,56430632.0,64685176.92119751,97.2,97.2,97.1,98.435844
280,11530550,108.25402,95.87827,68968475.0,41306153.0,43654492.0,54772075.61903931,100.0,100.0,100.0,95.773506
281,11530560,111.55088,100.34899,79571562.0,67861080.0,68505761.0,65126414.53309448,100.0,100.0,100.0,96.23589
282,11530595,106.46462,92.043274,66118298.0,60110278.0,70971252.0,62733110.27042724,94.1,85.7,100.0,95.37687
283,11530720,110.10244,93.84953,124000000.0,73790030.0,47080460.0,58503014.3438147,91.7,93.3,92.9,95.56368
284,11530730,82.04699,99.863235,35462568.0,30915532.0,31038094.0,38584359.62334107,95.7,100.0,100.0,96.18565
285,11530740,91.095024,98.15553,52201673.0,39389970.0,33739626.0,43309213.0561084,95.2,95.2,95.5,96.00903
286,11530750,102.582,95.430504,73556473.0,46919192.0,30960256.0,47286090.68875977,100.0,100.0,91.7,95.727196
287,11530760,101.231224,92.08657,54569392.0,38370648.0,104000000.0,68301538.37722045,100.0,100.0,77.8,95.38135
288,11530770,106.65389,100.85474,103000000.0,98688549.0,90794113.0,70449231.08148316,100.0,95.7,100.0,96.2882
289,11530780,78.44884,120.81653,55056094.0,37521698.0,26103492.0,35817319.7635852,96.0,86.7,97.1,98.35276
290,11530790,93.61337,98.53867,60316783.0,41473180.0,37425132.0,46822751.17511353,100.0,100.0,100.0,96.04866
291,11530,0.0,0.0,69075170.6,52787790.06,48929082.92,52271120.614990234,97.485434174,96.666111111,97.849322493,96.2342
292,11545510,86.57917,150.52374,77413002.0,61847935.0,74326888.0,59840019.27302368,96.2,96.4,99.2,101.42525
293,11545610,100.31291,108.41254,66525245.0,55575097.0,57848167.0,56832869.7413562,97.0,97.6,100.0,97.06987
294,11545620,85.85914,93.988655,46873366.0,32605303.0,24431952.0,40618914.75927368,92.9,100.0,100.0,95.57807
295,11545630,90.585014,99.07017,78972911.0,56652809.0,51927398.0,50503475.50403321,94.1,100.0,95.7,96.10363
296,11545640,92.2135,95.559746,55599357.0,51125119.0,52217085.0,52369225.303551026,84.6,100.0,100.0,95.74056
297,11545670,91.53756,107.85663,55035845.0,36174270.0,42101264.0,47287652.6558252,94.9,92.7,95.2,97.012375
298,11545680,96.09629,91.26215,76434633.0,46820317.0,21342160.0,51432242.51486328,100.0,100.0,100.0,95.29608
299,11545690,99.18012,91.52963,58452970.0,49305887.0,58883880.0,53914714.63049561,100.0,88.9,100.0,95.323746
300,11545700,90.25591,95.350174,98887392.0,68520676.0,78260756.0,58713715.97960571,90.9,91.7,100.0,95.71889
301,11545710,86.66883,96.158585,76507807.0,67849329.0,60983634.0,49637972.90501709,100.0,91.7,100.0,95.8025
302,11545,0.0,0.0,70099910.29,54617774.13,60602667.6,53733811.77536621,95.321176471,96.062857143,98.680858086,0.0
303,11560515,93.283936,98.49007,62285094.0,46557359.0,35127721.0,51728874.97139648,87.0,90.0,100.0,96.04363
304,11560535,123.15834,121.12539,53931990.0,56079076.0,38669992.0,58629423.12077148,98.6,91.0,98.5,98.384705
305,11560540,123.612144,143.19736,80805968.0,54434939.0,68299530.0,67414184.42704345,95.8,99.0,98.1,100.66751
306,11560550,106.98074,105.34885,72642598.0,68698635.0,69775567.0,64027297.874599606,93.9,97.0,100.0,96.753006
307,11560560,108.74093,109.16304,66802973.0,61349572.0,60732872.0,62329672.40221192,92.5,97.4,100.0,97.14749
308,11560585,99.508255,92.67855,54897711.0,41730195.0,50881304.0,52105271.22554077,100.0,100.0,91.7,95.44257
309,11560605,102.31322,111.28406,88865044.0,77481785.0,72672073.0,62641002.8557959,97.5,97.4,100.0,97.36686
310,11560610,108.76169,97.35973,55036596.0,44228417.0,42759448.0,53444451.78620239,95.0,88.9,100.0,95.92673
311,11560620,102.33691,106.50455,29682852.0,24689572.0,20637324.0,43362624.46049072,92.3,91.9,100.0,96.872536
312,11560630,108.60917,93.49737,55755560.0,45550303.0,50767325.0,56936470.77225952,94.4,75.0,94.1,95.52726
313,11560650,95.34077,93.14579,49757752.0,35364429.0,39736776.0,46697269.014185786,90.0,100.0,100.0,95.4909
314,11560660,92.99787,91.159546,73570577.0,82076073.0,29272258.0,45844386.41419555,83.3,100.0,100.0,95.28547
315,11560670,97.57587,90.80745,23904630.0,14644316.0,13008608.0,38166701.93053589,100.0,100.0,100.0,95.249054
316,11560680,99.36533,94.70958,104000000.0,88171837.0,87800400.0,66993583.511005856,100.0,100.0,100.0,95.65263
317,11560690,95.141,95.122086,52407517.0,35705927.0,16583059.0,39389686.66956909,100.0,100.0,100.0,95.6953
318,11560700,97.76791,92.60324,59051022.0,49413621.0,54484426.0,54142261.71683715,100.0,93.3,100.0,95.434784
319,11560710,110.06405,95.77529,77244429.0,48414919.0,42385820.0,56155992.43292603,100.0,100.0,95.0,95.762856
320,11560720,98.532585,101.97334,93676970.0,68132912.0,66999324.0,56814441.8456604,100.0,100.0,96.7,96.40389
321,11560,0.0,0.0,66856741.66,54620355.95,53298515.83,59821202.925158694,95.846942801,95.484188912,98.667735849,96.394844
322,11590510,86.55463,108.39092,69664467.0,55422041.0,49794444.0,50040594.77091919,100.0,97.7,97.5,97.067635
323,11590520,100.07739,94.42616,59273848.0,57553088.0,57756581.0,56493788.73575196,95.5,94.7,94.4,95.62332
324,11590530,87.29879,111.7409,85563504.0,76731905.0,64633821.0,54938012.981440425,97.9,93.7,98.0,97.41411
325,11590540,104.19182,95.753235,45364900.0,40798454.0,44517034.0,51241756.90595337,90.9,94.7,100.0,95.760574
326,11590550,105.11305,95.186775,49104746.0,41763163.0,55590963.0,55081601.573336184,100.0,91.7,100.0,95.70199
327,11590560,96.3816,95.03356,45993057.0,43940557.0,35198602.0,45528032.53244141,100.0,92.9,92.9,95.68614
328,11590605,96.86094,99.12586,75952356.0,50732573.0,44520289.0,49519562.35775757,100.0,96.4,96.6,96.10939
329,11590620,111.247185,101.93454,55843880.0,53045285.0,48477888.0,56694849.543995366,90.0,96.4,96.3,96.39988
330,11590630,108.18687,100.109245,41502331.0,18857144.0,56987626.0,55714376.07341309,100.0,85.2,100.0,96.2111
331,11590640,96.94994,95.434265,39112200.0,27751957.0,37268264.0,46649842.39291504,92.3,100.0,100.0,95.727585
332,11590650,110.97409,88.601746,39239063.0,37361375.0,51740000.0,57094453.86479737,100.0,88.9,88.9,95.02093
333,11590651,95.82631,92.462265,56112305.0,69443463.0,43827968.0,48958546.35020019,100.0,100.0,88.9,95.420204
334,11590660,96.111626,106.724525,54508653.0,40413518.0,39322820.0,47072542.1311499,91.7,97.2,97.2,96.89529
335,11590670,106.998405,93.17316,65767452.0,41607918.0,31185359.0,50169448.60742676,100.0,100.0,100.0,95.49373
336,11590680,101.0613,103.05565,66951518.0,69217908.0,63583977.0,58739772.50288208,100.0,92.9,100.0,96.51583
337,11590,0.0,0.0,61134961.71,51144008.86,50688175.89,51912724.29489746,96.811627907,94.698823529,97.362756598,96.06985
338,11620525,104.06737,95.18346,41224993.0,24395868.0,30572162.0,47415177.918983154,93.7,100.0,94.1,95.701645
339,11620545,95.20311,91.472244,109000000.0,90845370.0,86117462.0,66313544.90689575,100.0,100.0,100.0,95.31781
340,11620565,93.709724,95.0939,69902591.0,65243423.0,51278251.0,51777745.94918213,100.0,100.0,88.9,95.69238
341,11620575,104.729004,103.814125,50959433.0,37166411.0,41533690.0,50941855.43747681,97.1,100.0,90.3,96.59428
342,11620585,111.77765,102.14064,69252094.0,47211382.0,43513680.0,55391250.26670044,100.0,100.0,100.0,96.421196
343,11620595,105.815186,110.00413,54935888.0,51006535.0,69142206.0,57875701.11194214,93.0,97.6,100.0,97.23448
344,11620605,100.22697,100.64118,61942120.0,57479477.0,47855696.0,52293943.306433104,100.0,95.8,100.0,96.26611
345,11620615,101.275085,98.230995,70954996.0,66967525.0,54300538.0,57022500.19092773,95.0,94.7,100.0,96.01684
346,11620625,107.155815,97.29467,66230322.0,40883169.0,57539901.0,57992931.41921021,100.0,100.0,95.5,95.92
347,11620630,104.382675,96.93085,76561075.0,61293599.0,82018568.0,65372942.67811279,100.0,100.0,100.0,95.88237
348,11620645,115.35938,101.80257,95251328.0,64880734.0,58465310.0,63370793.6838147,100.0,100.0,96.3,96.38623
349,11620655,102.759544,93.929054,77780158.0,78108635.0,77052526.0,64058374.74362671,90.0,100.0,100.0,95.57191
350,11620665,104.23762,98.68038,60213807.0,50271031.0,50000725.0,55099383.16842529,95.5,100.0,95.5,96.06332
351,11620685,100.73268,99.33204,60928554.0,68248630.0,66507254.0,56007421.02145996,96.3,100.0,91.7,96.130714
352,11620695,135.09674,105.866394,76886596.0,84535644.0,84735578.0,80502568.97722533,95.5,89.7,97.3,96.80653
353,11620715,100.949165,89.90809,72696272.0,68644786.0,92881054.0,64860388.767078854,100.0,100.0,100.0,95.15604
354,11620725,106.697426,99.68627,50428307.0,43485780.0,37691820.0,50644832.05008667,91.3,100.0,100.0,96.16735
355,11620735,105.64876,108.49272,44896461.0,29604459.0,30671155.0,47287135.67654297,95.3,97.7,100.0,97.07816
356,11620745,88.10421,93.640915,60162095.0,43582362.0,25540177.0,38330989.32687866,100.0,100.0,100.0,95.54211
357,11620765,91.29118,98.9112,45006796.0,29408192.0,37691918.0,43623708.74062744,90.5,100.0,100.0,96.08719
358,11620775,83.26284,99.08079,39418135.0,27230137.0,32854041.0,38726082.34690674,90.5,100.0,94.7,96.10473
359,11620,0.0,0.0,61971668.07,51066065.8,53283474.06,54493249.10148071,95.963057325,98.309684211,97.388671024,96.10197
360,11650510,113.04462,107.84077,72176627.0,60032255.0,53748768.0,60461305.439283445,91.4,91.2,97.1,97.010735
361,11650520,114.069565,106.38143,85166789.0,68593992.0,78589052.0,69695561.64720337,95.5,100.0,100.0,96.8598
362,11650530,107.71797,129.0358,65642910.0,61227717.0,57094747.0,59360868.66235718,96.5,95.1,98.7,99.20284
363,11650531,110.93748,107.87942,96330336.0,106000000.0,81152718.0,64981136.131400146,97.3,100.0,91.4,97.01473
364,11650540,105.796455,103.79575,84470324.0,90478832.0,103000000.0,75144299.41613159,97.3,87.5,96.4,96.59238
365,11650550,100.447014,91.04557,35341248.0,22060329.0,40347565.0,48487068.852849126,100.0,100.0,85.7,95.27368
366,11650560,123.479904,102.09631,72505271.0,59607436.0,64282744.0,68062520.3240857,92.9,96.6,96.3,96.41661
367,11650570,116.40786,99.25503,125000000.0,38556660.0,89230406.0,77788908.73015624,100.0,85.7,100.0,96.12275
368,11650580,112.41269,92.700165,24696334.0,25140160.0,17381379.0,45751519.9173523,100.0,100.0,100.0,95.44481
369,11650581,99.469666,113.71078,175000000.0,280000000.0,61724316.0,73399589.86826417,100.0,97.5,100.0,97.61784
370,11650590,101.75744,98.56316,37903682.0,38856373.0,30262889.0,45823166.552177735,87.5,95.0,100.0,96.05119
371,11650600,110.31823,99.79847,78185832.0,57299614.0,50703861.0,57808394.65248291,94.1,100.0,100.0,96.178955
372,11650610,102.92041,100.9693,40369486.0,23814036.0,27118370.0,46762012.578420416,100.0,88.0,100.0,96.30005
373,11650620,94.21465,101.810165,71590642.0,51991201.0,50678969.0,51288860.77784301,100.0,100.0,100.0,96.38702
374,11650621,102.3007,101.21295,52920947.0,44316465.0,42047511.0,50793742.49905518,100.0,100.0,95.5,96.32525
375,11650651,106.63188,109.855194,61421578.0,58479916.0,57741770.0,59967384.55230713,100.0,97.8,90.7,97.21908
376,11650652,121.108345,110.26578,49656431.0,49328578.0,63535584.0,65572828.262144774,100.0,91.3,97.7,97.26154
377,11650660,93.636734,91.20218,24869447.0,19506004.0,34596868.0,46214697.37889038,100.0,92.3,100.0,95.28988
378,11650,0.0,0.0,74245042.41,75306604.22,59311081.14,60372802.32192261,97.134587814,95.444296578,97.300579151,96.58717
379,11680510,115.68788,109.6803,63490563.0,54623856.0,60364935.0,62646590.03989258,94.0,93.2,92.9,97.20099
380,11680521,115.92828,127.273346,80451883.0,77653987.0,79161470.0,71396441.6783374,96.4,98.7,98.7,99.02056
381,11680531,106.95082,126.61402,66614871.0,59048123.0,68456754.0,64042242.66827759,97.4,94.8,93.2,98.95237
382,11680545,97.51949,118.36717,36710837.0,32004295.0,32595676.0,44872081.174273685,94.6,96.5,100.0,98.099434
383,11680565,98.532104,117.64469,78701016.0,65379803.0,71814794.0,65403045.69265503,100.0,98.2,90.7,98.02471
384,11680580,107.079765,115.27936,77699116.0,70158173.0,44675155.0,59615379.12949829,96.5,94.5,89.7,97.780075
385,11680590,112.89633,112.48344,79898284.0,61267138.0,67255870.0,66092815.43971679,94.5,96.1,94.2,97.490906
386,11680600,116.69873,100.06336,45025997.0,40659295.0,49210076.0,58186430.06415405,91.3,100.0,100.0,96.20635
387,11680610,103.94808,113.05565,55891642.0,42853404.0,53626165.0,55697347.82065674,98.0,100.0,95.7,97.55009
388,11680630,98.56478,120.48509,70854879.0,65255135.0,62714421.0,58361799.46585083,93.9,91.8,98.4,98.31848
389,11680640,143.76288,187.93127,82172086.0,66624506.0,75839843.0,80347333.4101001,96.9,97.5,95.3,105.29414
390,11680650,116.529106,118.74729,80665610.0,78340835.0,79132273.0,70881761.60980469,94.6,100.0,94.4,98.13875
391,11680655,100.40428,100.97328,70970328.0,58673309.0,61823820.0,58490310.72398315,96.4,100.0,88.5,96.30046
392,11680656,103.211174,98.510574,52267047.0,38399238.0,34718995.0,49808184.56963135,95.8,100.0,100.0,96.04575
393,11680660,105.91767,88.606766,0.0,0.0,42212118.0,71604023.82403687,100.0,100.0,100.0,95.02145
394,11680670,105.61251,91.49334,31478843.0,22336448.0,27168028.0,46771339.86917847,91.7,90.9,90.0,95.31999
395,11680690,93.51798,101.99311,47358255.0,33291550.0,48950366.0,49838454.15705566,96.6,96.9,100.0,96.40594
396,11680700,93.70334,98.44499,50424661.0,23094627.0,28306253.0,42955036.77546753,100.0,90.9,100.0,96.03897
397,11680720,109.36472,93.53595,320000000.0,250000000.0,186000000.0,103883012.00968018,100.0,90.0,100.0,95.53125
398,11680730,104.56456,94.55128,98481903.0,62769486.0,86462159.0,65512653.93014282,91.7,91.7,100.0,95.63626
399,11680740,107.75636,92.09978,77839841.0,62103062.0,43140898.0,56487139.54324585,100.0,100.0,100.0,95.38271
400,11680750,98.723625,100.464,116000000.0,97188214.0,86926004.0,66773661.13083618,100.0,100.0,100.0,96.24779
401,11680,0.0,0.0,73582825.59,61730656.26,65021415.82,61511061.34619873,96.263773966,96.718442623,95.574342797,97.27306
402,11710510,101.04948,92.023056,51980027.0,56826598.0,50751348.0,53009634.48890625,100.0,100.0,87.5,95.37478
403,11710520,93.35152,99.51616,79850836.0,69056777.0,60724736.0,53907987.530727535,100.0,100.0,100.0,96.14976
404,11710531,99.950806,93.368645,31661813.0,25314958.0,30966208.0,43924187.05862915,92.9,100.0,100.0,95.51395
405,11710532,94.18838,95.37437,41565403.0,42475238.0,40935078.0,48354270.2317334,100.0,100.0,100.0,95.72139
406,11710540,90.54284,94.0428,47899515.0,34498090.0,34949486.0,43385191.4834021,90.9,80.0,100.0,95.58367
407,11710550,97.94775,92.33915,61346960.0,40603952.0,45013046.0,50502640.39731567,88.9,90.0,90.9,95.40747
408,11710561,104.452034,97.45512,49691742.0,45251346.0,48958526.0,53001368.22574951,100.0,95.5,100.0,95.93659
409,11710562,124.71755,109.87695,95377128.0,80389375.0,81609189.0,74890483.39869629,97.4,94.7,92.9,97.22133
410,11710566,117.13439,95.29064,57351282.0,57436896.0,35959901.0,56829881.43959351,100.0,100.0,100.0,95.71273
411,11710570,75.62153,109.0501,34235185.0,23423344.0,21827733.0,33430376.648236085,97.2,100.0,97.7,97.13581
412,11710580,117.58843,102.33266,54375491.0,52780885.0,50722599.0,59553379.50155395,96.2,95.8,96.3,96.441055
413,11710590,94.77952,96.10112,36501706.0,36294310.0,31916542.0,44355464.04774903,91.7,100.0,100.0,95.796555
414,11710600,110.271385,110.749176,46560369.0,43040427.0,44254302.0,55560727.72958496,95.7,100.0,97.8,97.31154
415,11710610,109.191444,109.01868,55322866.0,52432216.0,52684802.0,58044816.235118404,97.2,97.2,97.3,97.13256
416,11710620,113.88087,110.03998,64876164.0,53983828.0,55154976.0,61221645.17775391,97.7,95.3,95.1,97.23819
417,11710631,106.555984,90.13735,274000000.0,184000000.0,138000000.0,83766925.3888684,100.0,100.0,100.0,95.17975
418,11710632,110.00407,96.48958,50846676.0,49211057.0,46345556.0,54913547.35656616,100.0,100.0,95.0,95.83673
419,11710641,104.09604,93.95037,62381164.0,75540988.0,84171931.0,59962763.16930542,95.0,93.3,84.6,95.57411
420,11710642,114.46994,126.47003,55685046.0,37666415.0,50628421.0,58223867.42547485,94.2,95.3,100.0,98.93748
421,11710646,92.38552,95.787834,32461182.0,27723276.0,30816677.0,42252858.86711304,91.7,96.0,85.0,95.76415
422,11710647,103.6012,93.80888,37598937.0,14681029.0,11478377.0,52844061.723057866,87.5,92.9,86.7,95.55948
423,11710650,124.86322,118.70856,73602864.0,56952574.0,67297312.0,68430708.35510498,95.2,90.9,92.7,98.13474
424,11710670,131.2579,102.13017,116000000.0,111000000.0,64293564.0,78537925.62903565,100.0,100.0,100.0,96.42011
425,11710680,109.34888,97.818855,23547860.0,20792533.0,68742781.0,65387585.35945923,100.0,100.0,100.0,95.97421
426,11710690,120.7509,90.25177,82171476.0,47024290.0,28155010.0,61466590.5191272,100.0,66.7,100.0,95.19158
427,11710710,124.56492,99.86744,57383964.0,55584780.0,34620199.0,56265404.39778076,100.0,100.0,91.7,96.18609
428,11710720,105.55126,87.936,203000000.0,80829767.0,0.0,78858129.80426148,100.0,100.0,100.0,94.95207
429,11710,0.0,0.0,60325422.94,50871009.97,51191944.59,59205313.19374268,96.441950464,96.294051447,96.122204969,96.199554
430,11740515,92.58093,99.54545,39822235.0,12591717.0,12238116.0,47851519.84119507,91.3,95.2,91.3,96.15279
431,11740520,99.961914,92.95001,39206665.0,44173407.0,30790351.0,45170197.51391113,90.9,100.0,100.0,95.47065
432,11740530,109.83873,95.26143,62627353.0,57476246.0,81473046.0,68214666.73089355,100.0,94.4,100.0,95.70971
433,11740540,109.12934,96.47386,35802597.0,29002557.0,27915027.0,49468371.02779175,100.0,94.4,100.0,95.835106
434,11740550,110.83717,91.814,38497159.0,43661778.0,44457299.0,54229118.28957275,100.0,100.0,100.0,95.35316
435,11740560,107.9114,87.175316,58020890.0,41491029.0,23933742.0,47584703.647559814,100.0,100.0,100.0,94.8734
436,11740570,90.1755,103.14432,49705019.0,40598638.0,45042372.0,46460908.50517334,100.0,96.9,100.0,96.525
437,11740580,101.528404,93.34629,45905884.0,43316667.0,41761763.0,48913427.548074946,90.0,100.0,90.9,95.511635
438,11740590,98.56803,91.72792,101000000.0,75578443.0,74244264.0,59878167.23328735,100.0,100.0,100.0,95.34425
439,11740600,88.9434,99.91325,40378473.0,36530692.0,31019632.0,40484562.36942504,100.0,100.0,96.0,96.19083
440,11740610,93.163994,113.29878,52537860.0,44631042.0,44942307.0,49602920.61123413,92.2,93.7,98.0,97.57523
441,11740620,100.63885,100.76548,51282602.0,33548246.0,42010396.0,52225711.62776245,96.7,96.6,100.0,96.27897
442,11740640,105.05114,97.824905,42181131.0,32657224.0,42903500.0,50048297.73239746,88.5,91.3,81.0,95.97484
443,11740650,105.563095,99.23769,75887299.0,62775537.0,62013040.0,59033224.583237305,88.0,96.2,100.0,96.12096
444,11740660,112.07685,102.85552,53451279.0,50129366.0,48987217.0,58442984.39736328,97.1,90.3,90.3,96.49513
445,11740685,100.09667,117.96005,50669299.0,43496128.0,52442468.0,53491454.75642578,100.0,95.2,94.8,98.05733
446,11740690,99.89547,90.02169,0.0,0.0,0.0,83540681.88360718,100.0,100.0,100.0,95.167786
447,11740700,96.1867,98.81316,50568142.0,44515671.0,47691830.0,49873792.002293706,100.0,95.5,95.0,96.07705
448,11740,0.0,0.0,50700242.44,41943245.11,44230200.88,55816357.16585449,96.169064748,95.491729323,95.99122807,96.03966
449,11,0.0,0.0,65415602.42,53015248.11,51598172.78,55966888.925625,96.357659058,96.404486677,96.923847193,96.19976
